311,c_311,http://nlp_microbe.ccnu.edu.cn/entity/C00387,102,d_102,http://id.nlm.nih.gov/mesh/D011236,0.9514708491289493,pos
402,c_402,http://nlp_microbe.ccnu.edu.cn/entity/C01235,102,d_102,http://id.nlm.nih.gov/mesh/D011236,0.9792631619269911,pos
165,c_165,http://nlp_microbe.ccnu.edu.cn/entity/C05984,102,d_102,http://id.nlm.nih.gov/mesh/D011236,0.9711311384807211,pos
140,c_140,http://nlp_microbe.ccnu.edu.cn/entity/C00188,102,d_102,http://id.nlm.nih.gov/mesh/D011236,0.9683490013175899,pos
262,c_262,http://nlp_microbe.ccnu.edu.cn/entity/C05378,102,d_102,http://id.nlm.nih.gov/mesh/D011236,0.9770319841494398,pos
331,c_331,http://nlp_microbe.ccnu.edu.cn/entity/C03415,102,d_102,http://id.nlm.nih.gov/mesh/D011236,0.9514708491289493,pos
322,c_322,http://nlp_microbe.ccnu.edu.cn/entity/C00642,102,d_102,http://id.nlm.nih.gov/mesh/D011236,0.9747786674967013,pos
197,c_197,http://nlp_microbe.ccnu.edu.cn/entity/C00438,102,d_102,http://id.nlm.nih.gov/mesh/D011236,0.970412282549104,pos
43,c_43,http://nlp_microbe.ccnu.edu.cn/entity/C06429,102,d_102,http://id.nlm.nih.gov/mesh/D011236,0.9514708491289493,pos
251,c_251,http://nlp_microbe.ccnu.edu.cn/entity/C00262,102,d_102,http://id.nlm.nih.gov/mesh/D011236,0.9506645895649943,pos
22,c_22,http://nlp_microbe.ccnu.edu.cn/entity/C00318,102,d_102,http://id.nlm.nih.gov/mesh/D011236,0.9709933403431364,pos
35,c_35,http://nlp_microbe.ccnu.edu.cn/entity/C06337,102,d_102,http://id.nlm.nih.gov/mesh/D011236,0.9678080679908274,pos
313,c_313,http://nlp_microbe.ccnu.edu.cn/entity/C00319,102,d_102,http://id.nlm.nih.gov/mesh/D011236,0.9506645895649943,pos
323,c_323,http://nlp_microbe.ccnu.edu.cn/entity/C00794,102,d_102,http://id.nlm.nih.gov/mesh/D011236,0.9506645895649943,pos
175,c_175,http://nlp_microbe.ccnu.edu.cn/entity/C01672,102,d_102,http://id.nlm.nih.gov/mesh/D011236,0.9514708491289493,pos
61,c_61,http://nlp_microbe.ccnu.edu.cn/entity/C07635,102,d_102,http://id.nlm.nih.gov/mesh/D011236,0.9514708491289493,pos
284,c_284,http://nlp_microbe.ccnu.edu.cn/entity/C06424,102,d_102,http://id.nlm.nih.gov/mesh/D011236,0.9514708491289493,pos
249,c_249,http://nlp_microbe.ccnu.edu.cn/entity/C01227,102,d_102,http://id.nlm.nih.gov/mesh/D011236,0.9831780901915349,pos
389,c_389,http://nlp_microbe.ccnu.edu.cn/entity/C00392,102,d_102,http://id.nlm.nih.gov/mesh/D011236,0.9506645895649943,pos
490,c_490,http://nlp_microbe.ccnu.edu.cn/entity/C00689,102,d_102,http://id.nlm.nih.gov/mesh/D011236,0.9735152062942201,pos
50,c_50,http://nlp_microbe.ccnu.edu.cn/entity/C00284,102,d_102,http://id.nlm.nih.gov/mesh/D011236,0.9683567827111984,pos
122,c_122,http://nlp_microbe.ccnu.edu.cn/entity/C00086,102,d_102,http://id.nlm.nih.gov/mesh/D011236,0.9735780014777445,pos
360,c_360,http://nlp_microbe.ccnu.edu.cn/entity/C01468,102,d_102,http://id.nlm.nih.gov/mesh/D011236,0.9793200700860174,pos
134,c_134,http://nlp_microbe.ccnu.edu.cn/entity/C00978,102,d_102,http://id.nlm.nih.gov/mesh/D011236,0.9506645895649943,pos
8,c_8,http://nlp_microbe.ccnu.edu.cn/entity/C02862,102,d_102,http://id.nlm.nih.gov/mesh/D011236,0.9514708491289493,pos
511,c_511,http://nlp_microbe.ccnu.edu.cn/entity/C01013,102,d_102,http://id.nlm.nih.gov/mesh/D011236,0.9506645895649943,pos
320,c_320,http://nlp_microbe.ccnu.edu.cn/entity/C00307,102,d_102,http://id.nlm.nih.gov/mesh/D011236,0.9506645895649943,pos
17,c_17,http://nlp_microbe.ccnu.edu.cn/entity/C00109,102,d_102,http://id.nlm.nih.gov/mesh/D011236,0.9794285913635246,pos
200,c_200,http://nlp_microbe.ccnu.edu.cn/entity/C00105,102,d_102,http://id.nlm.nih.gov/mesh/D011236,0.9704325317871589,pos
126,c_126,http://nlp_microbe.ccnu.edu.cn/entity/C00147,102,d_102,http://id.nlm.nih.gov/mesh/D011236,0.9506645895649943,pos
496,c_496,http://nlp_microbe.ccnu.edu.cn/entity/C00475,102,d_102,http://id.nlm.nih.gov/mesh/D011236,0.9665778952817201,pos
429,c_429,http://nlp_microbe.ccnu.edu.cn/entity/C00199,102,d_102,http://id.nlm.nih.gov/mesh/D011236,0.9514708491289493,pos
391,c_391,http://nlp_microbe.ccnu.edu.cn/entity/C01120,102,d_102,http://id.nlm.nih.gov/mesh/D011236,0.9506645895649943,pos
430,c_430,http://nlp_microbe.ccnu.edu.cn/entity/C00127,102,d_102,http://id.nlm.nih.gov/mesh/D011236,0.9514708491289493,pos
13,c_13,http://nlp_microbe.ccnu.edu.cn/entity/C02140,102,d_102,http://id.nlm.nih.gov/mesh/D011236,0.9514708491289493,pos
38,c_38,http://nlp_microbe.ccnu.edu.cn/entity/D00384,102,d_102,http://id.nlm.nih.gov/mesh/D011236,0.9680078755502504,pos
509,c_509,http://nlp_microbe.ccnu.edu.cn/entity/C00048,102,d_102,http://id.nlm.nih.gov/mesh/D011236,0.9514708491289493,pos
23,c_23,http://nlp_microbe.ccnu.edu.cn/entity/C01551,102,d_102,http://id.nlm.nih.gov/mesh/D011236,0.969445561350464,pos
204,c_204,http://nlp_microbe.ccnu.edu.cn/entity/C13624,102,d_102,http://id.nlm.nih.gov/mesh/D011236,0.9729629409624243,pos
123,c_123,http://nlp_microbe.ccnu.edu.cn/entity/C00500,102,d_102,http://id.nlm.nih.gov/mesh/D011236,0.9506645895649943,pos
458,c_458,http://nlp_microbe.ccnu.edu.cn/entity/C00740,102,d_102,http://id.nlm.nih.gov/mesh/D011236,0.9514708491289493,pos
219,c_219,http://nlp_microbe.ccnu.edu.cn/entity/C00157,102,d_102,http://id.nlm.nih.gov/mesh/D011236,0.9514708491289493,pos
110,c_110,http://nlp_microbe.ccnu.edu.cn/entity/C03969,102,d_102,http://id.nlm.nih.gov/mesh/D011236,0.9719805214280043,pos
410,c_410,http://nlp_microbe.ccnu.edu.cn/entity/C15515,102,d_102,http://id.nlm.nih.gov/mesh/D011236,0.9710195849546812,pos
294,c_294,http://nlp_microbe.ccnu.edu.cn/entity/C00026,102,d_102,http://id.nlm.nih.gov/mesh/D011236,0.9709161647207458,pos
71,c_71,http://nlp_microbe.ccnu.edu.cn/entity/C00267,102,d_102,http://id.nlm.nih.gov/mesh/D011236,0.9706700042260714,pos
9,c_9,http://nlp_microbe.ccnu.edu.cn/entity/C00253,102,d_102,http://id.nlm.nih.gov/mesh/D011236,0.9514708491289493,pos
438,c_438,http://nlp_microbe.ccnu.edu.cn/entity/C00507,102,d_102,http://id.nlm.nih.gov/mesh/D011236,0.9514708491289493,pos
279,c_279,http://nlp_microbe.ccnu.edu.cn/entity/C05464,102,d_102,http://id.nlm.nih.gov/mesh/D011236,0.9514708491289493,pos
285,c_285,http://nlp_microbe.ccnu.edu.cn/entity/C06428,102,d_102,http://id.nlm.nih.gov/mesh/D011236,0.9514708491289493,pos
165,c_165,http://nlp_microbe.ccnu.edu.cn/entity/C05984,102,d_102,http://id.nlm.nih.gov/mesh/D011236,0.9711311384807211,pos
331,c_331,http://nlp_microbe.ccnu.edu.cn/entity/C03415,102,d_102,http://id.nlm.nih.gov/mesh/D011236,0.9514708491289493,pos
444,c_444,http://nlp_microbe.ccnu.edu.cn/entity/C16526,102,d_102,http://id.nlm.nih.gov/mesh/D011236,0.9514708491289493,pos
5,c_5,http://nlp_microbe.ccnu.edu.cn/entity/C00575,102,d_102,http://id.nlm.nih.gov/mesh/D011236,0.9714869441594827,pos
170,c_170,http://nlp_microbe.ccnu.edu.cn/entity/C01959,102,d_102,http://id.nlm.nih.gov/mesh/D011236,0.9506645895649943,pos
22,c_22,http://nlp_microbe.ccnu.edu.cn/entity/C00318,102,d_102,http://id.nlm.nih.gov/mesh/D011236,0.9709933403431364,pos
235,c_235,http://nlp_microbe.ccnu.edu.cn/entity/C00055,102,d_102,http://id.nlm.nih.gov/mesh/D011236,0.9506645895649943,pos
393,c_393,http://nlp_microbe.ccnu.edu.cn/entity/C08261,102,d_102,http://id.nlm.nih.gov/mesh/D011236,0.9514708491289493,pos
417,c_417,http://nlp_microbe.ccnu.edu.cn/entity/C00352,102,d_102,http://id.nlm.nih.gov/mesh/D011236,0.9514708491289493,pos
0,c_0,http://nlp_microbe.ccnu.edu.cn/entity/C00429,102,d_102,http://id.nlm.nih.gov/mesh/D011236,0.9846844866028173,pos
175,c_175,http://nlp_microbe.ccnu.edu.cn/entity/C01672,102,d_102,http://id.nlm.nih.gov/mesh/D011236,0.9514708491289493,pos
440,c_440,http://nlp_microbe.ccnu.edu.cn/entity/C00140,102,d_102,http://id.nlm.nih.gov/mesh/D011236,0.9658916026623598,pos
144,c_144,http://nlp_microbe.ccnu.edu.cn/entity/C00117,102,d_102,http://id.nlm.nih.gov/mesh/D011236,0.9514708491289493,pos
487,c_487,http://nlp_microbe.ccnu.edu.cn/entity/C06104,102,d_102,http://id.nlm.nih.gov/mesh/D011236,0.9506645895649943,pos
298,c_298,http://nlp_microbe.ccnu.edu.cn/entity/C00311,102,d_102,http://id.nlm.nih.gov/mesh/D011236,0.9714166243643774,pos
249,c_249,http://nlp_microbe.ccnu.edu.cn/entity/C01227,102,d_102,http://id.nlm.nih.gov/mesh/D011236,0.9831780901915349,pos
247,c_247,http://nlp_microbe.ccnu.edu.cn/entity/C01620,102,d_102,http://id.nlm.nih.gov/mesh/D011236,0.9514708491289493,pos
291,c_291,http://nlp_microbe.ccnu.edu.cn/entity/C00214,102,d_102,http://id.nlm.nih.gov/mesh/D011236,0.9736584458442256,pos
80,c_80,http://nlp_microbe.ccnu.edu.cn/entity/C02737,102,d_102,http://id.nlm.nih.gov/mesh/D011236,0.9514708491289493,pos
345,c_345,http://nlp_microbe.ccnu.edu.cn/entity/C01606,102,d_102,http://id.nlm.nih.gov/mesh/D011236,0.9678293797479682,pos
357,c_357,http://nlp_microbe.ccnu.edu.cn/entity/C00628,102,d_102,http://id.nlm.nih.gov/mesh/D011236,0.9514708491289493,pos
321,c_321,http://nlp_microbe.ccnu.edu.cn/entity/C16512,102,d_102,http://id.nlm.nih.gov/mesh/D011236,0.9506645895649943,pos
193,c_193,http://nlp_microbe.ccnu.edu.cn/entity/C00588,102,d_102,http://id.nlm.nih.gov/mesh/D011236,0.9812251996425536,pos
40,c_40,http://nlp_microbe.ccnu.edu.cn/entity/C00042,102,d_102,http://id.nlm.nih.gov/mesh/D011236,0.97351358952485,pos
297,c_297,http://nlp_microbe.ccnu.edu.cn/entity/C05463,102,d_102,http://id.nlm.nih.gov/mesh/D011236,0.9506645895649943,pos
147,c_147,http://nlp_microbe.ccnu.edu.cn/entity/C00780,102,d_102,http://id.nlm.nih.gov/mesh/D011236,0.9506645895649943,pos
239,c_239,http://nlp_microbe.ccnu.edu.cn/entity/C00221,102,d_102,http://id.nlm.nih.gov/mesh/D011236,0.9506645895649943,pos
494,c_494,http://nlp_microbe.ccnu.edu.cn/entity/C03195,102,d_102,http://id.nlm.nih.gov/mesh/D011236,0.9506645895649943,pos
336,c_336,http://nlp_microbe.ccnu.edu.cn/entity/C00882,102,d_102,http://id.nlm.nih.gov/mesh/D011236,0.9506645895649943,pos
506,c_506,http://nlp_microbe.ccnu.edu.cn/entity/C10172,102,d_102,http://id.nlm.nih.gov/mesh/D011236,0.9683577105097491,pos
162,c_162,http://nlp_microbe.ccnu.edu.cn/entity/C19837,102,d_102,http://id.nlm.nih.gov/mesh/D011236,0.9506645895649943,pos
153,c_153,http://nlp_microbe.ccnu.edu.cn/entity/C05200,102,d_102,http://id.nlm.nih.gov/mesh/D011236,0.9506645895649943,pos
457,c_457,http://nlp_microbe.ccnu.edu.cn/entity/C03343,102,d_102,http://id.nlm.nih.gov/mesh/D011236,0.9729654872180085,pos
407,c_407,http://nlp_microbe.ccnu.edu.cn/entity/C00532,102,d_102,http://id.nlm.nih.gov/mesh/D011236,0.9514708491289493,pos
437,c_437,http://nlp_microbe.ccnu.edu.cn/entity/C05852,102,d_102,http://id.nlm.nih.gov/mesh/D011236,0.9683355969078412,pos
43,c_43,http://nlp_microbe.ccnu.edu.cn/entity/C06429,102,d_102,http://id.nlm.nih.gov/mesh/D011236,0.9514708491289493,pos
250,c_250,http://nlp_microbe.ccnu.edu.cn/entity/C02291,102,d_102,http://id.nlm.nih.gov/mesh/D011236,0.9677891507364523,pos
107,c_107,http://nlp_microbe.ccnu.edu.cn/entity/C02565,102,d_102,http://id.nlm.nih.gov/mesh/D011236,0.9736735820609114,pos
419,c_419,http://nlp_microbe.ccnu.edu.cn/entity/C05660,102,d_102,http://id.nlm.nih.gov/mesh/D011236,0.9679512400171154,pos
426,c_426,http://nlp_microbe.ccnu.edu.cn/entity/C08281,102,d_102,http://id.nlm.nih.gov/mesh/D011236,0.9506645895649943,pos
465,c_465,http://nlp_microbe.ccnu.edu.cn/entity/C02494,102,d_102,http://id.nlm.nih.gov/mesh/D011236,0.9757372776012051,pos
409,c_409,http://nlp_microbe.ccnu.edu.cn/entity/C00164,102,d_102,http://id.nlm.nih.gov/mesh/D011236,0.9506645895649943,pos
458,c_458,http://nlp_microbe.ccnu.edu.cn/entity/C00740,102,d_102,http://id.nlm.nih.gov/mesh/D011236,0.9514708491289493,pos
74,c_74,http://nlp_microbe.ccnu.edu.cn/entity/C00504,102,d_102,http://id.nlm.nih.gov/mesh/D011236,0.9712487074150039,pos
371,c_371,http://nlp_microbe.ccnu.edu.cn/entity/C14152,102,d_102,http://id.nlm.nih.gov/mesh/D011236,0.9679669382922662,pos
414,c_414,http://nlp_microbe.ccnu.edu.cn/entity/C11142,102,d_102,http://id.nlm.nih.gov/mesh/D011236,0.9817213606241804,pos
432,c_432,http://nlp_microbe.ccnu.edu.cn/entity/C08323,102,d_102,http://id.nlm.nih.gov/mesh/D011236,0.9514708491289493,pos
108,c_108,http://nlp_microbe.ccnu.edu.cn/entity/C00880,102,d_102,http://id.nlm.nih.gov/mesh/D011236,0.9766403551991086,pos
9,c_9,http://nlp_microbe.ccnu.edu.cn/entity/C00253,102,d_102,http://id.nlm.nih.gov/mesh/D011236,0.9514708491289493,pos
275,c_275,http://nlp_microbe.ccnu.edu.cn/entity/C00383,102,d_102,http://id.nlm.nih.gov/mesh/D011236,0.9683922613870555,pos
438,c_438,http://nlp_microbe.ccnu.edu.cn/entity/C00507,102,d_102,http://id.nlm.nih.gov/mesh/D011236,0.9514708491289493,pos
364,c_364,http://nlp_microbe.ccnu.edu.cn/entity/C00181,102,d_102,http://id.nlm.nih.gov/mesh/D011236,0.9514708491289493,pos
54,c_54,http://nlp_microbe.ccnu.edu.cn/entity/C15587,102,d_102,http://id.nlm.nih.gov/mesh/D011236,0.9682345586811058,pos
152,c_152,http://nlp_microbe.ccnu.edu.cn/entity/C00469,102,d_102,http://id.nlm.nih.gov/mesh/D011236,0.9706263277016459,pos
17,c_17,http://nlp_microbe.ccnu.edu.cn/entity/C00109,102,d_102,http://id.nlm.nih.gov/mesh/D011236,0.9794285913635246,pos
94,c_94,http://nlp_microbe.ccnu.edu.cn/entity/C00455,102,d_102,http://id.nlm.nih.gov/mesh/D011236,0.977144678023469,pos
231,c_231,http://nlp_microbe.ccnu.edu.cn/entity/C00407,102,d_102,http://id.nlm.nih.gov/mesh/D011236,0.9671955873895605,pos
435,c_435,http://nlp_microbe.ccnu.edu.cn/entity/C02918,102,d_102,http://id.nlm.nih.gov/mesh/D011236,0.9514708491289493,pos
332,c_332,http://nlp_microbe.ccnu.edu.cn/entity/C00795,102,d_102,http://id.nlm.nih.gov/mesh/D011236,0.9514708491289493,pos
191,c_191,http://nlp_microbe.ccnu.edu.cn/entity/C15562,102,d_102,http://id.nlm.nih.gov/mesh/D011236,0.9684250844504557,pos
472,c_472,http://nlp_microbe.ccnu.edu.cn/entity/C04230,102,d_102,http://id.nlm.nih.gov/mesh/D011236,0.973836497892827,pos
337,c_337,http://nlp_microbe.ccnu.edu.cn/entity/C10043,102,d_102,http://id.nlm.nih.gov/mesh/D011236,0.9514708491289493,pos
210,c_210,http://nlp_microbe.ccnu.edu.cn/entity/C00597,102,d_102,http://id.nlm.nih.gov/mesh/D011236,0.9514708491289493,pos
452,c_452,http://nlp_microbe.ccnu.edu.cn/entity/C01444,102,d_102,http://id.nlm.nih.gov/mesh/D011236,0.9514708491289493,pos
160,c_160,http://nlp_microbe.ccnu.edu.cn/entity/C00295,102,d_102,http://id.nlm.nih.gov/mesh/D011236,0.9702851294492122,pos
87,c_87,http://nlp_microbe.ccnu.edu.cn/entity/C03722,102,d_102,http://id.nlm.nih.gov/mesh/D011236,0.9686187008474639,pos
291,c_291,http://nlp_microbe.ccnu.edu.cn/entity/C00214,102,d_102,http://id.nlm.nih.gov/mesh/D011236,0.9736584458442256,pos
491,c_491,http://nlp_microbe.ccnu.edu.cn/entity/C05593,102,d_102,http://id.nlm.nih.gov/mesh/D011236,0.9506645895649943,pos
386,c_386,http://nlp_microbe.ccnu.edu.cn/entity/C01595,102,d_102,http://id.nlm.nih.gov/mesh/D011236,0.9506645895649943,pos
357,c_357,http://nlp_microbe.ccnu.edu.cn/entity/C00628,102,d_102,http://id.nlm.nih.gov/mesh/D011236,0.9514708491289493,pos
95,c_95,http://nlp_microbe.ccnu.edu.cn/entity/C00099,102,d_102,http://id.nlm.nih.gov/mesh/D011236,0.9712742688257724,pos
201,c_201,http://nlp_microbe.ccnu.edu.cn/entity/C02067,102,d_102,http://id.nlm.nih.gov/mesh/D011236,0.9711824219901861,pos
40,c_40,http://nlp_microbe.ccnu.edu.cn/entity/C00042,102,d_102,http://id.nlm.nih.gov/mesh/D011236,0.97351358952485,pos
447,c_447,http://nlp_microbe.ccnu.edu.cn/entity/C00422,102,d_102,http://id.nlm.nih.gov/mesh/D011236,0.9514708491289493,pos
67,c_67,http://nlp_microbe.ccnu.edu.cn/entity/C01104,102,d_102,http://id.nlm.nih.gov/mesh/D011236,0.9506645895649943,pos
469,c_469,http://nlp_microbe.ccnu.edu.cn/entity/C06746,102,d_102,http://id.nlm.nih.gov/mesh/D011236,0.9514708491289493,pos
129,c_129,http://nlp_microbe.ccnu.edu.cn/entity/C07326,102,d_102,http://id.nlm.nih.gov/mesh/D011236,0.9506645895649943,pos
58,c_58,http://nlp_microbe.ccnu.edu.cn/entity/C19670,102,d_102,http://id.nlm.nih.gov/mesh/D011236,0.9732738042972751,pos
478,c_478,http://nlp_microbe.ccnu.edu.cn/entity/C06244,102,d_102,http://id.nlm.nih.gov/mesh/D011236,0.9506645895649943,pos
412,c_412,http://nlp_microbe.ccnu.edu.cn/entity/C00519,102,d_102,http://id.nlm.nih.gov/mesh/D011236,0.9514708491289493,pos
130,c_130,http://nlp_microbe.ccnu.edu.cn/entity/C02294,102,d_102,http://id.nlm.nih.gov/mesh/D011236,0.981127470075866,pos
273,c_273,http://nlp_microbe.ccnu.edu.cn/entity/C01546,102,d_102,http://id.nlm.nih.gov/mesh/D011236,0.9514708491289493,pos
91,c_91,http://nlp_microbe.ccnu.edu.cn/entity/C00096,102,d_102,http://id.nlm.nih.gov/mesh/D011236,0.9730334161221346,pos
79,c_79,http://nlp_microbe.ccnu.edu.cn/entity/C01161,102,d_102,http://id.nlm.nih.gov/mesh/D011236,0.9506645895649943,pos
302,c_302,http://nlp_microbe.ccnu.edu.cn/entity/C00041,102,d_102,http://id.nlm.nih.gov/mesh/D011236,0.9709894050212535,pos
271,c_271,http://nlp_microbe.ccnu.edu.cn/entity/C01487,102,d_102,http://id.nlm.nih.gov/mesh/D011236,0.9506645895649943,pos
348,c_348,http://nlp_microbe.ccnu.edu.cn/entity/C02835,102,d_102,http://id.nlm.nih.gov/mesh/D011236,0.9514708491289493,pos
0,c_0,http://nlp_microbe.ccnu.edu.cn/entity/C00429,102,d_102,http://id.nlm.nih.gov/mesh/D011236,0.9846844866028173,pos
443,c_443,http://nlp_microbe.ccnu.edu.cn/entity/C00378,102,d_102,http://id.nlm.nih.gov/mesh/D011236,0.9514708491289493,pos
53,c_53,http://nlp_microbe.ccnu.edu.cn/entity/C00212,102,d_102,http://id.nlm.nih.gov/mesh/D011236,0.9514708491289493,pos
351,c_351,http://nlp_microbe.ccnu.edu.cn/entity/C00493,102,d_102,http://id.nlm.nih.gov/mesh/D011236,0.9729760836589179,pos
208,c_208,http://nlp_microbe.ccnu.edu.cn/entity/C05793,102,d_102,http://id.nlm.nih.gov/mesh/D011236,0.9514708491289493,pos
233,c_233,http://nlp_microbe.ccnu.edu.cn/entity/C06576,102,d_102,http://id.nlm.nih.gov/mesh/D011236,0.9514708491289493,pos
223,c_223,http://nlp_microbe.ccnu.edu.cn/entity/C00089,102,d_102,http://id.nlm.nih.gov/mesh/D011236,0.9506645895649943,pos
295,c_295,http://nlp_microbe.ccnu.edu.cn/entity/C06001,102,d_102,http://id.nlm.nih.gov/mesh/D011236,0.9514708491289493,pos
330,c_330,http://nlp_microbe.ccnu.edu.cn/entity/C00581,102,d_102,http://id.nlm.nih.gov/mesh/D011236,0.9767289434673965,pos
15,c_15,http://nlp_microbe.ccnu.edu.cn/entity/C00016,102,d_102,http://id.nlm.nih.gov/mesh/D011236,0.9506645895649943,pos
366,c_366,http://nlp_microbe.ccnu.edu.cn/entity/C00257,102,d_102,http://id.nlm.nih.gov/mesh/D011236,0.9734009422411298,pos
453,c_453,http://nlp_microbe.ccnu.edu.cn/entity/C01953,102,d_102,http://id.nlm.nih.gov/mesh/D011236,0.9763327958983151,pos
364,c_364,http://nlp_microbe.ccnu.edu.cn/entity/C00181,102,d_102,http://id.nlm.nih.gov/mesh/D011236,0.9514708491289493,pos
214,c_214,http://nlp_microbe.ccnu.edu.cn/entity/C00249,102,d_102,http://id.nlm.nih.gov/mesh/D011236,0.9899115611757079,pos
98,c_98,http://nlp_microbe.ccnu.edu.cn/entity/C00141,102,d_102,http://id.nlm.nih.gov/mesh/D011236,0.9514708491289493,pos
198,c_198,http://nlp_microbe.ccnu.edu.cn/entity/C00130,102,d_102,http://id.nlm.nih.gov/mesh/D011236,0.9817041710058857,pos
510,c_510,http://nlp_microbe.ccnu.edu.cn/entity/C00074,102,d_102,http://id.nlm.nih.gov/mesh/D011236,0.9514708491289493,pos
471,c_471,http://nlp_microbe.ccnu.edu.cn/entity/C05594,102,d_102,http://id.nlm.nih.gov/mesh/D011236,0.9514708491289493,pos
231,c_231,http://nlp_microbe.ccnu.edu.cn/entity/C00407,102,d_102,http://id.nlm.nih.gov/mesh/D011236,0.9671955873895605,pos
166,c_166,http://nlp_microbe.ccnu.edu.cn/entity/C00137,102,d_102,http://id.nlm.nih.gov/mesh/D011236,0.9514708491289493,pos
332,c_332,http://nlp_microbe.ccnu.edu.cn/entity/C00795,102,d_102,http://id.nlm.nih.gov/mesh/D011236,0.9514708491289493,pos
234,c_234,http://nlp_microbe.ccnu.edu.cn/entity/C00661,102,d_102,http://id.nlm.nih.gov/mesh/D011236,0.9506645895649943,pos
82,c_82,http://nlp_microbe.ccnu.edu.cn/entity/C00498,102,d_102,http://id.nlm.nih.gov/mesh/D011236,0.9514708491289493,pos
1,c_1,http://nlp_microbe.ccnu.edu.cn/entity/C00559,102,d_102,http://id.nlm.nih.gov/mesh/D011236,0.9506645895649943,pos
196,c_196,http://nlp_microbe.ccnu.edu.cn/entity/C00166,102,d_102,http://id.nlm.nih.gov/mesh/D011236,0.9830826047055681,pos
350,c_350,http://nlp_microbe.ccnu.edu.cn/entity/C00170,102,d_102,http://id.nlm.nih.gov/mesh/D011236,0.967029677282934,pos
95,c_95,http://nlp_microbe.ccnu.edu.cn/entity/C00099,102,d_102,http://id.nlm.nih.gov/mesh/D011236,0.9712742688257724,pos
278,c_278,http://nlp_microbe.ccnu.edu.cn/entity/C00280,102,d_102,http://id.nlm.nih.gov/mesh/D011236,0.9733810949366153,pos
334,c_334,http://nlp_microbe.ccnu.edu.cn/entity/C06593,102,d_102,http://id.nlm.nih.gov/mesh/D011236,0.9734008496455823,pos
254,c_254,http://nlp_microbe.ccnu.edu.cn/entity/C00388,102,d_102,http://id.nlm.nih.gov/mesh/D011236,0.9506645895649943,pos
411,c_411,http://nlp_microbe.ccnu.edu.cn/entity/C00811,102,d_102,http://id.nlm.nih.gov/mesh/D011236,0.9764088679514173,pos
28,c_28,http://nlp_microbe.ccnu.edu.cn/entity/C02528,102,d_102,http://id.nlm.nih.gov/mesh/D011236,0.9735597802093863,pos
469,c_469,http://nlp_microbe.ccnu.edu.cn/entity/C06746,102,d_102,http://id.nlm.nih.gov/mesh/D011236,0.9514708491289493,pos
349,c_349,http://nlp_microbe.ccnu.edu.cn/entity/C06427,102,d_102,http://id.nlm.nih.gov/mesh/D011236,0.9506645895649943,pos
119,c_119,http://nlp_microbe.ccnu.edu.cn/entity/C00106,102,d_102,http://id.nlm.nih.gov/mesh/D011236,0.9710869098943726,pos
280,c_280,http://nlp_microbe.ccnu.edu.cn/entity/C00134,102,d_102,http://id.nlm.nih.gov/mesh/D011236,0.9868142397139763,pos
412,c_412,http://nlp_microbe.ccnu.edu.cn/entity/C00519,102,d_102,http://id.nlm.nih.gov/mesh/D011236,0.9514708491289493,pos
241,c_241,http://nlp_microbe.ccnu.edu.cn/entity/C02979,102,d_102,http://id.nlm.nih.gov/mesh/D011236,0.9514708491289493,pos
172,c_172,http://nlp_microbe.ccnu.edu.cn/entity/C00328,102,d_102,http://id.nlm.nih.gov/mesh/D011236,0.964087306247906,pos
505,c_505,http://nlp_microbe.ccnu.edu.cn/entity/C00219,102,d_102,http://id.nlm.nih.gov/mesh/D011236,0.9506645895649943,pos
337,c_337,http://nlp_microbe.ccnu.edu.cn/entity/C10043,102,d_102,http://id.nlm.nih.gov/mesh/D011236,0.9514708491289493,pos
243,c_243,http://nlp_microbe.ccnu.edu.cn/entity/C00021,102,d_102,http://id.nlm.nih.gov/mesh/D011236,0.9506645895649943,pos
398,c_398,http://nlp_microbe.ccnu.edu.cn/entity/C00984,102,d_102,http://id.nlm.nih.gov/mesh/D011236,0.9514708491289493,pos
211,c_211,http://nlp_microbe.ccnu.edu.cn/entity/C00632,102,d_102,http://id.nlm.nih.gov/mesh/D011236,0.9514708491289493,pos
392,c_392,http://nlp_microbe.ccnu.edu.cn/entity/C00275,102,d_102,http://id.nlm.nih.gov/mesh/D011236,0.9506645895649943,pos
257,c_257,http://nlp_microbe.ccnu.edu.cn/entity/C00184,102,d_102,http://id.nlm.nih.gov/mesh/D011236,0.9514708491289493,pos
470,c_470,http://nlp_microbe.ccnu.edu.cn/entity/C00719,102,d_102,http://id.nlm.nih.gov/mesh/D011236,0.9514708491289493,pos
70,c_70,http://nlp_microbe.ccnu.edu.cn/entity/C05484,102,d_102,http://id.nlm.nih.gov/mesh/D011236,0.9735890755078704,pos
96,c_96,http://nlp_microbe.ccnu.edu.cn/entity/C06809,102,d_102,http://id.nlm.nih.gov/mesh/D011236,0.9514708491289493,pos
75,c_75,http://nlp_microbe.ccnu.edu.cn/entity/C05659,102,d_102,http://id.nlm.nih.gov/mesh/D011236,0.9792285700807339,pos
68,c_68,http://nlp_microbe.ccnu.edu.cn/entity/C00425,102,d_102,http://id.nlm.nih.gov/mesh/D011236,0.981110881528237,pos
120,c_120,http://nlp_microbe.ccnu.edu.cn/entity/C03465,102,d_102,http://id.nlm.nih.gov/mesh/D011236,0.9506645895649943,pos
287,c_287,http://nlp_microbe.ccnu.edu.cn/entity/C00535,102,d_102,http://id.nlm.nih.gov/mesh/D011236,0.9766706979786458,pos
214,c_214,http://nlp_microbe.ccnu.edu.cn/entity/C00249,102,d_102,http://id.nlm.nih.gov/mesh/D011236,0.9899115611757079,pos
305,c_305,http://nlp_microbe.ccnu.edu.cn/entity/C01479,102,d_102,http://id.nlm.nih.gov/mesh/D011236,0.970655312039755,pos
293,c_293,http://nlp_microbe.ccnu.edu.cn/entity/C02946,102,d_102,http://id.nlm.nih.gov/mesh/D011236,0.9682080982694322,pos
221,c_221,http://nlp_microbe.ccnu.edu.cn/entity/C00169,102,d_102,http://id.nlm.nih.gov/mesh/D011236,0.9514708491289493,pos
403,c_403,http://nlp_microbe.ccnu.edu.cn/entity/C00079,102,d_102,http://id.nlm.nih.gov/mesh/D011236,0.9506645895649943,pos
376,c_376,http://nlp_microbe.ccnu.edu.cn/entity/C00386,102,d_102,http://id.nlm.nih.gov/mesh/D011236,0.9506645895649943,pos
183,c_183,http://nlp_microbe.ccnu.edu.cn/entity/C02538,102,d_102,http://id.nlm.nih.gov/mesh/D011236,0.9770242036301777,pos
333,c_333,http://nlp_microbe.ccnu.edu.cn/entity/C00183,102,d_102,http://id.nlm.nih.gov/mesh/D011236,0.9514708491289493,pos
413,c_413,http://nlp_microbe.ccnu.edu.cn/entity/C00902,102,d_102,http://id.nlm.nih.gov/mesh/D011236,0.9506645895649943,pos
354,c_354,http://nlp_microbe.ccnu.edu.cn/entity/C03139,102,d_102,http://id.nlm.nih.gov/mesh/D011236,0.9683789404059363,pos
171,c_171,http://nlp_microbe.ccnu.edu.cn/entity/C05843,102,d_102,http://id.nlm.nih.gov/mesh/D011236,0.9514708491289493,pos
244,c_244,http://nlp_microbe.ccnu.edu.cn/entity/C08356,102,d_102,http://id.nlm.nih.gov/mesh/D011236,0.9514708491289493,pos
335,c_335,http://nlp_microbe.ccnu.edu.cn/entity/C10438,102,d_102,http://id.nlm.nih.gov/mesh/D011236,0.9514708491289493,pos
180,c_180,http://nlp_microbe.ccnu.edu.cn/entity/C00013,102,d_102,http://id.nlm.nih.gov/mesh/D011236,0.9514708491289493,pos
206,c_206,http://nlp_microbe.ccnu.edu.cn/entity/C00213,102,d_102,http://id.nlm.nih.gov/mesh/D011236,0.9809031896572136,pos
52,c_52,http://nlp_microbe.ccnu.edu.cn/entity/C00750,102,d_102,http://id.nlm.nih.gov/mesh/D011236,0.9686109310326797,pos
62,c_62,http://nlp_microbe.ccnu.edu.cn/entity/C01384,102,d_102,http://id.nlm.nih.gov/mesh/D011236,0.9679247808850133,pos
141,c_141,http://nlp_microbe.ccnu.edu.cn/entity/C00072,102,d_102,http://id.nlm.nih.gov/mesh/D011236,0.9680302990100625,pos
340,c_340,http://nlp_microbe.ccnu.edu.cn/entity/C00245,102,d_102,http://id.nlm.nih.gov/mesh/D011236,0.9713669986691584,pos
240,c_240,http://nlp_microbe.ccnu.edu.cn/entity/C02938,102,d_102,http://id.nlm.nih.gov/mesh/D011236,0.9514708491289493,pos
232,c_232,http://nlp_microbe.ccnu.edu.cn/entity/C00120,102,d_102,http://id.nlm.nih.gov/mesh/D011236,0.9641596550001289,pos
318,c_318,http://nlp_microbe.ccnu.edu.cn/entity/C00850,102,d_102,http://id.nlm.nih.gov/mesh/D011236,0.9735934768854511,pos
370,c_370,http://nlp_microbe.ccnu.edu.cn/entity/C00979,102,d_102,http://id.nlm.nih.gov/mesh/D011236,0.9514708491289493,pos
186,c_186,http://nlp_microbe.ccnu.edu.cn/entity/C00116,102,d_102,http://id.nlm.nih.gov/mesh/D011236,0.9506645895649943,pos
499,c_499,http://nlp_microbe.ccnu.edu.cn/entity/C01424,102,d_102,http://id.nlm.nih.gov/mesh/D011236,0.9795084785484812,pos
48,c_48,http://nlp_microbe.ccnu.edu.cn/entity/C00006,102,d_102,http://id.nlm.nih.gov/mesh/D011236,0.9514708491289493,pos
47,c_47,http://nlp_microbe.ccnu.edu.cn/entity/C00364,102,d_102,http://id.nlm.nih.gov/mesh/D011236,0.9514708491289493,pos
151,c_151,http://nlp_microbe.ccnu.edu.cn/entity/C00670,102,d_102,http://id.nlm.nih.gov/mesh/D011236,0.9514708491289493,pos
117,c_117,http://nlp_microbe.ccnu.edu.cn/entity/C00329,102,d_102,http://id.nlm.nih.gov/mesh/D011236,0.9685094921291003,pos
497,c_497,http://nlp_microbe.ccnu.edu.cn/entity/C00344,102,d_102,http://id.nlm.nih.gov/mesh/D011236,0.9848324341567695,pos
238,c_238,http://nlp_microbe.ccnu.edu.cn/entity/C05828,102,d_102,http://id.nlm.nih.gov/mesh/D011236,0.9506645895649943,pos
510,c_510,http://nlp_microbe.ccnu.edu.cn/entity/C00074,102,d_102,http://id.nlm.nih.gov/mesh/D011236,0.9514708491289493,pos
32,c_32,http://nlp_microbe.ccnu.edu.cn/entity/C00350,102,d_102,http://id.nlm.nih.gov/mesh/D011236,0.9506645895649943,pos
502,c_502,http://nlp_microbe.ccnu.edu.cn/entity/C03557,102,d_102,http://id.nlm.nih.gov/mesh/D011236,0.9736516819392664,pos
172,c_172,http://nlp_microbe.ccnu.edu.cn/entity/C00328,102,d_102,http://id.nlm.nih.gov/mesh/D011236,0.964087306247906,pos
404,c_404,http://nlp_microbe.ccnu.edu.cn/entity/C00286,102,d_102,http://id.nlm.nih.gov/mesh/D011236,0.9708712795373254,pos
148,c_148,http://nlp_microbe.ccnu.edu.cn/entity/C01678,102,d_102,http://id.nlm.nih.gov/mesh/D011236,0.9514708491289493,pos
460,c_460,http://nlp_microbe.ccnu.edu.cn/entity/C02470,102,d_102,http://id.nlm.nih.gov/mesh/D011236,0.9514708491289493,pos
304,c_304,http://nlp_microbe.ccnu.edu.cn/entity/C00626,102,d_102,http://id.nlm.nih.gov/mesh/D011236,0.9514708491289493,pos
115,c_115,http://nlp_microbe.ccnu.edu.cn/entity/C05584,102,d_102,http://id.nlm.nih.gov/mesh/D011236,0.9682321167357197,pos
343,c_343,http://nlp_microbe.ccnu.edu.cn/entity/C00857,102,d_102,http://id.nlm.nih.gov/mesh/D011236,0.9514708491289493,pos
269,c_269,http://nlp_microbe.ccnu.edu.cn/entity/C02632,102,d_102,http://id.nlm.nih.gov/mesh/D011236,0.9818379843153611,pos
83,c_83,http://nlp_microbe.ccnu.edu.cn/entity/C02305,102,d_102,http://id.nlm.nih.gov/mesh/D011236,0.9514708491289493,pos
252,c_252,http://nlp_microbe.ccnu.edu.cn/entity/C00186,102,d_102,http://id.nlm.nih.gov/mesh/D011236,0.9514708491289493,pos
105,c_105,http://nlp_microbe.ccnu.edu.cn/entity/C00002,102,d_102,http://id.nlm.nih.gov/mesh/D011236,0.9506645895649943,pos
57,c_57,http://nlp_microbe.ccnu.edu.cn/entity/C11695,102,d_102,http://id.nlm.nih.gov/mesh/D011236,0.9685155996108628,pos
362,c_362,http://nlp_microbe.ccnu.edu.cn/entity/C12323,102,d_102,http://id.nlm.nih.gov/mesh/D011236,0.9514708491289493,pos
296,c_296,http://nlp_microbe.ccnu.edu.cn/entity/C04051,102,d_102,http://id.nlm.nih.gov/mesh/D011236,0.968017524372789,pos
355,c_355,http://nlp_microbe.ccnu.edu.cn/entity/C00847,102,d_102,http://id.nlm.nih.gov/mesh/D011236,0.9738673212620176,pos
159,c_159,http://nlp_microbe.ccnu.edu.cn/entity/C11457,102,d_102,http://id.nlm.nih.gov/mesh/D011236,0.9506645895649943,pos
373,c_373,http://nlp_microbe.ccnu.edu.cn/entity/C05465,102,d_102,http://id.nlm.nih.gov/mesh/D011236,0.9506645895649943,pos
185,c_185,http://nlp_microbe.ccnu.edu.cn/entity/C00236,102,d_102,http://id.nlm.nih.gov/mesh/D011236,0.980271172853703,pos
192,c_192,http://nlp_microbe.ccnu.edu.cn/entity/C00065,102,d_102,http://id.nlm.nih.gov/mesh/D011236,0.9514708491289493,pos
119,c_119,http://nlp_microbe.ccnu.edu.cn/entity/C00106,102,d_102,http://id.nlm.nih.gov/mesh/D011236,0.9710869098943726,pos
495,c_495,http://nlp_microbe.ccnu.edu.cn/entity/C06552,102,d_102,http://id.nlm.nih.gov/mesh/D011236,0.9672045502718789,pos
459,c_459,http://nlp_microbe.ccnu.edu.cn/entity/C05598,102,d_102,http://id.nlm.nih.gov/mesh/D011236,0.9514708491289493,pos
116,c_116,http://nlp_microbe.ccnu.edu.cn/entity/C00695,102,d_102,http://id.nlm.nih.gov/mesh/D011236,0.9506645895649943,pos
408,c_408,http://nlp_microbe.ccnu.edu.cn/entity/C01179,102,d_102,http://id.nlm.nih.gov/mesh/D011236,0.9506645895649943,pos
326,c_326,http://nlp_microbe.ccnu.edu.cn/entity/C00568,102,d_102,http://id.nlm.nih.gov/mesh/D011236,0.9514708491289493,pos
127,c_127,http://nlp_microbe.ccnu.edu.cn/entity/C00800,102,d_102,http://id.nlm.nih.gov/mesh/D011236,0.9506645895649943,pos
256,c_256,http://nlp_microbe.ccnu.edu.cn/entity/C01233,102,d_102,http://id.nlm.nih.gov/mesh/D011236,0.9506645895649943,pos
206,c_206,http://nlp_microbe.ccnu.edu.cn/entity/C00213,102,d_102,http://id.nlm.nih.gov/mesh/D011236,0.9809031896572136,pos
52,c_52,http://nlp_microbe.ccnu.edu.cn/entity/C00750,102,d_102,http://id.nlm.nih.gov/mesh/D011236,0.9686109310326797,pos
381,c_381,http://nlp_microbe.ccnu.edu.cn/entity/C00394,102,d_102,http://id.nlm.nih.gov/mesh/D011236,0.975249259027091,pos
423,c_423,http://nlp_microbe.ccnu.edu.cn/entity/C01796,102,d_102,http://id.nlm.nih.gov/mesh/D011236,0.9684693287243717,pos
190,c_190,http://nlp_microbe.ccnu.edu.cn/entity/C00486,102,d_102,http://id.nlm.nih.gov/mesh/D011236,0.9514708491289493,pos
114,c_114,http://nlp_microbe.ccnu.edu.cn/entity/C00570,102,d_102,http://id.nlm.nih.gov/mesh/D011236,0.9506645895649943,pos
406,c_406,http://nlp_microbe.ccnu.edu.cn/entity/C00195,102,d_102,http://id.nlm.nih.gov/mesh/D011236,0.9514708491289493,pos
289,c_289,http://nlp_microbe.ccnu.edu.cn/entity/C16439,102,d_102,http://id.nlm.nih.gov/mesh/D011236,0.9514708491289493,pos
56,c_56,http://nlp_microbe.ccnu.edu.cn/entity/C00346,102,d_102,http://id.nlm.nih.gov/mesh/D011236,0.9879649448513919,pos
66,c_66,http://nlp_microbe.ccnu.edu.cn/entity/C00458,102,d_102,http://id.nlm.nih.gov/mesh/D011236,0.9777143027878366,pos
508,c_508,http://nlp_microbe.ccnu.edu.cn/entity/C00097,102,d_102,http://id.nlm.nih.gov/mesh/D011236,0.9752992206035798,pos
41,c_41,http://nlp_microbe.ccnu.edu.cn/entity/C03406,102,d_102,http://id.nlm.nih.gov/mesh/D011236,0.9737528536232288,pos
486,c_486,http://nlp_microbe.ccnu.edu.cn/entity/C00077,102,d_102,http://id.nlm.nih.gov/mesh/D011236,0.9514708491289493,pos
47,c_47,http://nlp_microbe.ccnu.edu.cn/entity/C00364,102,d_102,http://id.nlm.nih.gov/mesh/D011236,0.9514708491289493,pos
325,c_325,http://nlp_microbe.ccnu.edu.cn/entity/C08362,102,d_102,http://id.nlm.nih.gov/mesh/D011236,0.9514708491289493,pos
399,c_399,http://nlp_microbe.ccnu.edu.cn/entity/C08278,102,d_102,http://id.nlm.nih.gov/mesh/D011236,0.9506645895649943,pos
177,c_177,http://nlp_microbe.ccnu.edu.cn/entity/C06186,102,d_102,http://id.nlm.nih.gov/mesh/D011236,0.9684550923047945,pos
151,c_151,http://nlp_microbe.ccnu.edu.cn/entity/C00670,102,d_102,http://id.nlm.nih.gov/mesh/D011236,0.9514708491289493,pos
497,c_497,http://nlp_microbe.ccnu.edu.cn/entity/C00344,102,d_102,http://id.nlm.nih.gov/mesh/D011236,0.9848324341567695,pos
456,c_456,http://nlp_microbe.ccnu.edu.cn/entity/C02277,102,d_102,http://id.nlm.nih.gov/mesh/D011236,0.9735937159370585,pos
128,c_128,http://nlp_microbe.ccnu.edu.cn/entity/C04555,102,d_102,http://id.nlm.nih.gov/mesh/D011236,0.961417750416772,pos
182,c_182,http://nlp_microbe.ccnu.edu.cn/entity/C00864,102,d_102,http://id.nlm.nih.gov/mesh/D011236,0.9752427435524009,pos
488,c_488,http://nlp_microbe.ccnu.edu.cn/entity/C00803,102,d_102,http://id.nlm.nih.gov/mesh/D011236,0.9771534300152869,pos
148,c_148,http://nlp_microbe.ccnu.edu.cn/entity/C01678,102,d_102,http://id.nlm.nih.gov/mesh/D011236,0.9514708491289493,pos
460,c_460,http://nlp_microbe.ccnu.edu.cn/entity/C02470,102,d_102,http://id.nlm.nih.gov/mesh/D011236,0.9514708491289493,pos
264,c_264,http://nlp_microbe.ccnu.edu.cn/entity/C00155,102,d_102,http://id.nlm.nih.gov/mesh/D011236,0.9514708491289493,pos
112,c_112,http://nlp_microbe.ccnu.edu.cn/entity/C05834,102,d_102,http://id.nlm.nih.gov/mesh/D011236,0.9514708491289493,pos
230,c_230,http://nlp_microbe.ccnu.edu.cn/entity/C00534,102,d_102,http://id.nlm.nih.gov/mesh/D011236,0.9514708491289493,pos
266,c_266,http://nlp_microbe.ccnu.edu.cn/entity/C00337,102,d_102,http://id.nlm.nih.gov/mesh/D011236,0.9514708491289493,pos
396,c_396,http://nlp_microbe.ccnu.edu.cn/entity/C00047,102,d_102,http://id.nlm.nih.gov/mesh/D011236,0.9506645895649943,pos
301,c_301,http://nlp_microbe.ccnu.edu.cn/entity/C01089,102,d_102,http://id.nlm.nih.gov/mesh/D011236,0.9506645895649943,pos
499,c_499,http://nlp_microbe.ccnu.edu.cn/entity/C01424,102,d_102,http://id.nlm.nih.gov/mesh/D011236,0.9795084785484812,pos
382,c_382,http://nlp_microbe.ccnu.edu.cn/entity/C00950,102,d_102,http://id.nlm.nih.gov/mesh/D011236,0.9734897202538286,pos
228,c_228,http://nlp_microbe.ccnu.edu.cn/entity/C01933,102,d_102,http://id.nlm.nih.gov/mesh/D011236,0.9506645895649943,pos
185,c_185,http://nlp_microbe.ccnu.edu.cn/entity/C00236,102,d_102,http://id.nlm.nih.gov/mesh/D011236,0.980271172853703,pos
192,c_192,http://nlp_microbe.ccnu.edu.cn/entity/C00065,102,d_102,http://id.nlm.nih.gov/mesh/D011236,0.9514708491289493,pos
495,c_495,http://nlp_microbe.ccnu.edu.cn/entity/C06552,102,d_102,http://id.nlm.nih.gov/mesh/D011236,0.9672045502718789,pos
459,c_459,http://nlp_microbe.ccnu.edu.cn/entity/C05598,102,d_102,http://id.nlm.nih.gov/mesh/D011236,0.9514708491289493,pos
479,c_479,http://nlp_microbe.ccnu.edu.cn/entity/C04548,102,d_102,http://id.nlm.nih.gov/mesh/D011236,0.9683865541027056,pos
501,c_501,http://nlp_microbe.ccnu.edu.cn/entity/C02990,102,d_102,http://id.nlm.nih.gov/mesh/D011236,0.9514708491289493,pos
310,c_310,http://nlp_microbe.ccnu.edu.cn/entity/C06153,102,d_102,http://id.nlm.nih.gov/mesh/D011236,0.9514708491289493,pos
404,c_404,http://nlp_microbe.ccnu.edu.cn/entity/C00286,102,d_102,http://id.nlm.nih.gov/mesh/D011236,0.9708712795373254,pos
450,c_450,http://nlp_microbe.ccnu.edu.cn/entity/C01588,102,d_102,http://id.nlm.nih.gov/mesh/D011236,0.9506645895649943,pos
423,c_423,http://nlp_microbe.ccnu.edu.cn/entity/C01796,102,d_102,http://id.nlm.nih.gov/mesh/D011236,0.9684693287243717,pos
213,c_213,http://nlp_microbe.ccnu.edu.cn/entity/C00345,102,d_102,http://id.nlm.nih.gov/mesh/D011236,0.9506645895649943,pos
161,c_161,http://nlp_microbe.ccnu.edu.cn/entity/C05145,102,d_102,http://id.nlm.nih.gov/mesh/D011236,0.9506645895649943,pos
289,c_289,http://nlp_microbe.ccnu.edu.cn/entity/C16439,102,d_102,http://id.nlm.nih.gov/mesh/D011236,0.9514708491289493,pos
269,c_269,http://nlp_microbe.ccnu.edu.cn/entity/C02632,102,d_102,http://id.nlm.nih.gov/mesh/D011236,0.9818379843153611,pos
36,c_36,http://nlp_microbe.ccnu.edu.cn/entity/C00037,102,d_102,http://id.nlm.nih.gov/mesh/D011236,0.9514708491289493,pos
66,c_66,http://nlp_microbe.ccnu.edu.cn/entity/C00458,102,d_102,http://id.nlm.nih.gov/mesh/D011236,0.9777143027878366,pos
451,c_451,http://nlp_microbe.ccnu.edu.cn/entity/C05332,102,d_102,http://id.nlm.nih.gov/mesh/D011236,0.9736132130044479,pos
325,c_325,http://nlp_microbe.ccnu.edu.cn/entity/C08362,102,d_102,http://id.nlm.nih.gov/mesh/D011236,0.9514708491289493,pos
405,c_405,http://nlp_microbe.ccnu.edu.cn/entity/C13846,102,d_102,http://id.nlm.nih.gov/mesh/D011236,0.9506645895649943,pos
93,c_93,http://nlp_microbe.ccnu.edu.cn/entity/C01724,102,d_102,http://id.nlm.nih.gov/mesh/D011236,0.9682546666586945,pos
363,c_363,http://nlp_microbe.ccnu.edu.cn/entity/C00584,102,d_102,http://id.nlm.nih.gov/mesh/D011236,0.9506645895649943,pos
184,c_184,http://nlp_microbe.ccnu.edu.cn/entity/C00158,102,d_102,http://id.nlm.nih.gov/mesh/D011236,0.9514708491289493,pos
46,c_46,http://nlp_microbe.ccnu.edu.cn/entity/C00163,102,d_102,http://id.nlm.nih.gov/mesh/D011236,0.9514708491289493,pos
167,c_167,http://nlp_microbe.ccnu.edu.cn/entity/C01607,102,d_102,http://id.nlm.nih.gov/mesh/D011236,0.9514708491289493,pos
390,c_390,http://nlp_microbe.ccnu.edu.cn/entity/C01712,102,d_102,http://id.nlm.nih.gov/mesh/D011236,0.9514708491289493,pos
456,c_456,http://nlp_microbe.ccnu.edu.cn/entity/C02277,102,d_102,http://id.nlm.nih.gov/mesh/D011236,0.9735937159370585,pos
84,c_84,http://nlp_microbe.ccnu.edu.cn/entity/C02571,102,d_102,http://id.nlm.nih.gov/mesh/D011236,0.9514708491289493,pos
394,c_394,http://nlp_microbe.ccnu.edu.cn/entity/C00227,102,d_102,http://id.nlm.nih.gov/mesh/D011236,0.9514708491289493,pos
18,c_18,http://nlp_microbe.ccnu.edu.cn/entity/C14151,102,d_102,http://id.nlm.nih.gov/mesh/D011236,0.9506645895649943,pos
4,c_4,http://nlp_microbe.ccnu.edu.cn/entity/C02656,102,d_102,http://id.nlm.nih.gov/mesh/D011236,0.9506645895649943,pos
203,c_203,http://nlp_microbe.ccnu.edu.cn/entity/C01157,102,d_102,http://id.nlm.nih.gov/mesh/D011236,0.9514708491289493,pos
326,c_326,http://nlp_microbe.ccnu.edu.cn/entity/C00568,102,d_102,http://id.nlm.nih.gov/mesh/D011236,0.9514708491289493,pos
157,c_157,http://nlp_microbe.ccnu.edu.cn/entity/C00085,102,d_102,http://id.nlm.nih.gov/mesh/D011236,0.9506645895649943,pos
155,c_155,http://nlp_microbe.ccnu.edu.cn/entity/C05282,102,d_102,http://id.nlm.nih.gov/mesh/D011236,0.9514708491289493,pos
72,c_72,http://nlp_microbe.ccnu.edu.cn/entity/C01152,102,d_102,http://id.nlm.nih.gov/mesh/D011236,0.9775257471469401,pos
282,c_282,http://nlp_microbe.ccnu.edu.cn/entity/C01530,102,d_102,http://id.nlm.nih.gov/mesh/D011236,0.9506645895649943,pos
264,c_264,http://nlp_microbe.ccnu.edu.cn/entity/C00155,102,d_102,http://id.nlm.nih.gov/mesh/D011236,0.9514708491289493,pos
483,c_483,http://nlp_microbe.ccnu.edu.cn/entity/C05123,102,d_102,http://id.nlm.nih.gov/mesh/D011236,0.9506645895649943,pos
328,c_328,http://nlp_microbe.ccnu.edu.cn/entity/C10164,102,d_102,http://id.nlm.nih.gov/mesh/D011236,0.9774990972234077,pos
388,c_388,http://nlp_microbe.ccnu.edu.cn/entity/C00187,102,d_102,http://id.nlm.nih.gov/mesh/D011236,0.9719700849942706,pos
416,c_416,http://nlp_microbe.ccnu.edu.cn/entity/C03539,102,d_102,http://id.nlm.nih.gov/mesh/D011236,0.9514708491289493,pos
29,c_29,http://nlp_microbe.ccnu.edu.cn/entity/C00533,102,d_102,http://id.nlm.nih.gov/mesh/D011236,0.9514708491289493,pos
190,c_190,http://nlp_microbe.ccnu.edu.cn/entity/C00486,102,d_102,http://id.nlm.nih.gov/mesh/D011236,0.9514708491289493,pos
195,c_195,http://nlp_microbe.ccnu.edu.cn/entity/C00993,102,d_102,http://id.nlm.nih.gov/mesh/D011236,0.9506645895649943,pos
281,c_281,http://nlp_microbe.ccnu.edu.cn/entity/C03672,102,d_102,http://id.nlm.nih.gov/mesh/D011236,0.9710716836046076,pos
60,c_60,http://nlp_microbe.ccnu.edu.cn/entity/C00043,102,d_102,http://id.nlm.nih.gov/mesh/D011236,0.9514708491289493,pos
42,c_42,http://nlp_microbe.ccnu.edu.cn/entity/C02670,102,d_102,http://id.nlm.nih.gov/mesh/D011236,0.9514708491289493,pos
217,c_217,http://nlp_microbe.ccnu.edu.cn/entity/C00490,102,d_102,http://id.nlm.nih.gov/mesh/D011236,0.9514708491289493,pos
10,c_10,http://nlp_microbe.ccnu.edu.cn/entity/C00565,102,d_102,http://id.nlm.nih.gov/mesh/D011236,0.9514708491289493,pos
212,c_212,http://nlp_microbe.ccnu.edu.cn/entity/C01026,102,d_102,http://id.nlm.nih.gov/mesh/D011236,0.9705362356336767,pos
311,c_311,http://nlp_microbe.ccnu.edu.cn/entity/C00387,102,d_102,http://id.nlm.nih.gov/mesh/D011236,0.9514708491289493,pos
101,c_101,http://nlp_microbe.ccnu.edu.cn/entity/C01081,102,d_102,http://id.nlm.nih.gov/mesh/D011236,0.9514708491289493,pos
140,c_140,http://nlp_microbe.ccnu.edu.cn/entity/C00188,102,d_102,http://id.nlm.nih.gov/mesh/D011236,0.9683490013175899,pos
262,c_262,http://nlp_microbe.ccnu.edu.cn/entity/C05378,102,d_102,http://id.nlm.nih.gov/mesh/D011236,0.9770319841494398,pos
207,c_207,http://nlp_microbe.ccnu.edu.cn/entity/C00029,102,d_102,http://id.nlm.nih.gov/mesh/D011236,0.9514708491289493,pos
34,c_34,http://nlp_microbe.ccnu.edu.cn/entity/C00380,102,d_102,http://id.nlm.nih.gov/mesh/D011236,0.9713711428607632,pos
81,c_81,http://nlp_microbe.ccnu.edu.cn/entity/C11396,102,d_102,http://id.nlm.nih.gov/mesh/D011236,0.9733623088730398,pos
341,c_341,http://nlp_microbe.ccnu.edu.cn/entity/C00279,102,d_102,http://id.nlm.nih.gov/mesh/D011236,0.9514708491289493,pos
131,c_131,http://nlp_microbe.ccnu.edu.cn/entity/C00544,102,d_102,http://id.nlm.nih.gov/mesh/D011236,0.9506645895649943,pos
64,c_64,http://nlp_microbe.ccnu.edu.cn/entity/C05582,102,d_102,http://id.nlm.nih.gov/mesh/D011236,0.983925092256594,pos
45,c_45,http://nlp_microbe.ccnu.edu.cn/entity/C05580,102,d_102,http://id.nlm.nih.gov/mesh/D011236,0.9735330151381856,pos
145,c_145,http://nlp_microbe.ccnu.edu.cn/entity/C16884,102,d_102,http://id.nlm.nih.gov/mesh/D011236,0.9506645895649943,pos
274,c_274,http://nlp_microbe.ccnu.edu.cn/entity/C15532,102,d_102,http://id.nlm.nih.gov/mesh/D011236,0.9683845103314159,pos
209,c_209,http://nlp_microbe.ccnu.edu.cn/entity/C02336,102,d_102,http://id.nlm.nih.gov/mesh/D011236,0.9767154188817747,pos
24,c_24,http://nlp_microbe.ccnu.edu.cn/entity/C00209,102,d_102,http://id.nlm.nih.gov/mesh/D011236,0.9514708491289493,pos
112,c_112,http://nlp_microbe.ccnu.edu.cn/entity/C05834,102,d_102,http://id.nlm.nih.gov/mesh/D011236,0.9514708491289493,pos
113,c_113,http://nlp_microbe.ccnu.edu.cn/entity/C01405,102,d_102,http://id.nlm.nih.gov/mesh/D011236,0.9506645895649943,pos
383,c_383,http://nlp_microbe.ccnu.edu.cn/entity/C00576,102,d_102,http://id.nlm.nih.gov/mesh/D011236,0.9514708491289493,pos
477,c_477,http://nlp_microbe.ccnu.edu.cn/entity/C12525,102,d_102,http://id.nlm.nih.gov/mesh/D011236,0.9713092510291771,pos
39,c_39,http://nlp_microbe.ccnu.edu.cn/entity/C00417,102,d_102,http://id.nlm.nih.gov/mesh/D011236,0.9798182127171364,pos
455,c_455,http://nlp_microbe.ccnu.edu.cn/entity/C00218,102,d_102,http://id.nlm.nih.gov/mesh/D011236,0.9514708491289493,pos
8,c_8,http://nlp_microbe.ccnu.edu.cn/entity/C02862,102,d_102,http://id.nlm.nih.gov/mesh/D011236,0.9514708491289493,pos
93,c_93,http://nlp_microbe.ccnu.edu.cn/entity/C01724,102,d_102,http://id.nlm.nih.gov/mesh/D011236,0.9682546666586945,pos
16,c_16,http://nlp_microbe.ccnu.edu.cn/entity/C02137,102,d_102,http://id.nlm.nih.gov/mesh/D011236,0.9514708491289493,pos
167,c_167,http://nlp_microbe.ccnu.edu.cn/entity/C01607,102,d_102,http://id.nlm.nih.gov/mesh/D011236,0.9514708491289493,pos
390,c_390,http://nlp_microbe.ccnu.edu.cn/entity/C01712,102,d_102,http://id.nlm.nih.gov/mesh/D011236,0.9514708491289493,pos
7,c_7,http://nlp_microbe.ccnu.edu.cn/entity/C01717,102,d_102,http://id.nlm.nih.gov/mesh/D011236,0.9514708491289493,pos
339,c_339,http://nlp_microbe.ccnu.edu.cn/entity/C00872,102,d_102,http://id.nlm.nih.gov/mesh/D011236,0.9506645895649943,pos
422,c_422,http://nlp_microbe.ccnu.edu.cn/entity/C00989,102,d_102,http://id.nlm.nih.gov/mesh/D011236,0.9747813285138511,pos
479,c_479,http://nlp_microbe.ccnu.edu.cn/entity/C04548,102,d_102,http://id.nlm.nih.gov/mesh/D011236,0.9683865541027056,pos
84,c_84,http://nlp_microbe.ccnu.edu.cn/entity/C02571,102,d_102,http://id.nlm.nih.gov/mesh/D011236,0.9514708491289493,pos
258,c_258,http://nlp_microbe.ccnu.edu.cn/entity/C00078,102,d_102,http://id.nlm.nih.gov/mesh/D011236,0.9815509422648432,pos
394,c_394,http://nlp_microbe.ccnu.edu.cn/entity/C00227,102,d_102,http://id.nlm.nih.gov/mesh/D011236,0.9514708491289493,pos
417,c_417,http://nlp_microbe.ccnu.edu.cn/entity/C00352,102,d_102,http://id.nlm.nih.gov/mesh/D011236,0.9514708491289493,pos
203,c_203,http://nlp_microbe.ccnu.edu.cn/entity/C01157,102,d_102,http://id.nlm.nih.gov/mesh/D011236,0.9514708491289493,pos
158,c_158,http://nlp_microbe.ccnu.edu.cn/entity/C05853,102,d_102,http://id.nlm.nih.gov/mesh/D011236,0.9514708491289493,pos
347,c_347,http://nlp_microbe.ccnu.edu.cn/entity/C00362,102,d_102,http://id.nlm.nih.gov/mesh/D011236,0.9506645895649943,pos
429,c_429,http://nlp_microbe.ccnu.edu.cn/entity/C00199,102,d_102,http://id.nlm.nih.gov/mesh/D011236,0.9514708491289493,pos
155,c_155,http://nlp_microbe.ccnu.edu.cn/entity/C05282,102,d_102,http://id.nlm.nih.gov/mesh/D011236,0.9514708491289493,pos
12,c_12,http://nlp_microbe.ccnu.edu.cn/entity/C05472,102,d_102,http://id.nlm.nih.gov/mesh/D011236,0.9683233717449687,pos
380,c_380,http://nlp_microbe.ccnu.edu.cn/entity/C02614,102,d_102,http://id.nlm.nih.gov/mesh/D011236,0.9514708491289493,pos
248,c_248,http://nlp_microbe.ccnu.edu.cn/entity/C05139,102,d_102,http://id.nlm.nih.gov/mesh/D011236,0.9714325742859727,pos
359,c_359,http://nlp_microbe.ccnu.edu.cn/entity/C02226,102,d_102,http://id.nlm.nih.gov/mesh/D011236,0.9506645895649943,pos
99,c_99,http://nlp_microbe.ccnu.edu.cn/entity/C00092,102,d_102,http://id.nlm.nih.gov/mesh/D011236,0.9506645895649943,pos
468,c_468,http://nlp_microbe.ccnu.edu.cn/entity/C00182,102,d_102,http://id.nlm.nih.gov/mesh/D011236,0.9514708491289493,pos
202,c_202,http://nlp_microbe.ccnu.edu.cn/entity/C01181,102,d_102,http://id.nlm.nih.gov/mesh/D011236,0.9634748170486169,pos
29,c_29,http://nlp_microbe.ccnu.edu.cn/entity/C00533,102,d_102,http://id.nlm.nih.gov/mesh/D011236,0.9514708491289493,pos
31,c_31,http://nlp_microbe.ccnu.edu.cn/entity/C02477,102,d_102,http://id.nlm.nih.gov/mesh/D011236,0.9810678331430993,pos
439,c_439,http://nlp_microbe.ccnu.edu.cn/entity/C01585,102,d_102,http://id.nlm.nih.gov/mesh/D011236,0.9514708491289493,pos
60,c_60,http://nlp_microbe.ccnu.edu.cn/entity/C00043,102,d_102,http://id.nlm.nih.gov/mesh/D011236,0.9514708491289493,pos
352,c_352,http://nlp_microbe.ccnu.edu.cn/entity/C04295,102,d_102,http://id.nlm.nih.gov/mesh/D011236,0.9506645895649943,pos
217,c_217,http://nlp_microbe.ccnu.edu.cn/entity/C00490,102,d_102,http://id.nlm.nih.gov/mesh/D011236,0.9514708491289493,pos
136,c_136,http://nlp_microbe.ccnu.edu.cn/entity/C00327,102,d_102,http://id.nlm.nih.gov/mesh/D011236,0.9506645895649943,pos
506,c_506,http://nlp_microbe.ccnu.edu.cn/entity/C10172,102,d_102,http://id.nlm.nih.gov/mesh/D011236,0.9683577105097491,pos
135,c_135,http://nlp_microbe.ccnu.edu.cn/entity/C00637,103,d_103,http://id.nlm.nih.gov/mesh/D011236,0.45559095956534434,neg
384,c_384,http://nlp_microbe.ccnu.edu.cn/entity/C00207,30,d_30,http://id.nlm.nih.gov/mesh/D011236,0.3533615279935363,neg
330,c_330,http://nlp_microbe.ccnu.edu.cn/entity/C00581,199,d_199,http://id.nlm.nih.gov/mesh/D011236,0.4475662617071308,neg
251,c_251,http://nlp_microbe.ccnu.edu.cn/entity/C00262,134,d_134,http://id.nlm.nih.gov/mesh/D011236,0.3984686862105397,neg
265,c_265,http://nlp_microbe.ccnu.edu.cn/entity/C06672,46,d_46,http://id.nlm.nih.gov/mesh/D011236,0.46825264138101796,neg
208,c_208,http://nlp_microbe.ccnu.edu.cn/entity/C05793,161,d_161,http://id.nlm.nih.gov/mesh/D011236,0.3964053585109341,neg
49,c_49,http://nlp_microbe.ccnu.edu.cn/entity/C05635,0,d_0,http://id.nlm.nih.gov/mesh/D011236,0.41896290728914104,neg
468,c_468,http://nlp_microbe.ccnu.edu.cn/entity/C00182,169,d_169,http://id.nlm.nih.gov/mesh/D011236,0.44211635529055393,neg
273,c_273,http://nlp_microbe.ccnu.edu.cn/entity/C01546,128,d_128,http://id.nlm.nih.gov/mesh/D011236,0.45585095253337515,neg
493,c_493,http://nlp_microbe.ccnu.edu.cn/entity/C01598,185,d_185,http://id.nlm.nih.gov/mesh/D011236,0.34757271127988,neg
47,c_47,http://nlp_microbe.ccnu.edu.cn/entity/C00364,24,d_24,http://id.nlm.nih.gov/mesh/D011236,0.29827094073071286,neg
430,c_430,http://nlp_microbe.ccnu.edu.cn/entity/C00127,46,d_46,http://id.nlm.nih.gov/mesh/D011236,0.4679976872548414,neg
245,c_245,http://nlp_microbe.ccnu.edu.cn/entity/C00788,106,d_106,http://id.nlm.nih.gov/mesh/D011236,0.39992021872492495,neg
35,c_35,http://nlp_microbe.ccnu.edu.cn/entity/C06337,152,d_152,http://id.nlm.nih.gov/mesh/D011236,0.4376066042020356,neg
312,c_312,http://nlp_microbe.ccnu.edu.cn/entity/C03665,228,d_228,http://id.nlm.nih.gov/mesh/D011236,0.4121890936091736,neg
187,c_187,http://nlp_microbe.ccnu.edu.cn/entity/C01904,216,d_216,http://id.nlm.nih.gov/mesh/D011236,0.47123733180534294,neg
437,c_437,http://nlp_microbe.ccnu.edu.cn/entity/C05852,191,d_191,http://id.nlm.nih.gov/mesh/D011236,0.4335434684321136,neg
431,c_431,http://nlp_microbe.ccnu.edu.cn/entity/C01762,22,d_22,http://id.nlm.nih.gov/mesh/D011236,0.4454904386463759,neg
244,c_244,http://nlp_microbe.ccnu.edu.cn/entity/C08356,24,d_24,http://id.nlm.nih.gov/mesh/D011236,0.29827094073071286,neg
476,c_476,http://nlp_microbe.ccnu.edu.cn/entity/C02076,236,d_236,http://id.nlm.nih.gov/mesh/D011236,0.2567272032393694,neg
486,c_486,http://nlp_microbe.ccnu.edu.cn/entity/C00077,102,d_102,http://id.nlm.nih.gov/mesh/D011236,0.9514708491289493,neg
7,c_7,http://nlp_microbe.ccnu.edu.cn/entity/C01717,137,d_137,http://id.nlm.nih.gov/mesh/D011236,0.37791939612737013,neg
398,c_398,http://nlp_microbe.ccnu.edu.cn/entity/C00984,70,d_70,http://id.nlm.nih.gov/mesh/D011236,0.35211613942521547,neg
187,c_187,http://nlp_microbe.ccnu.edu.cn/entity/C01904,0,d_0,http://id.nlm.nih.gov/mesh/D011236,0.4405491960575265,neg
295,c_295,http://nlp_microbe.ccnu.edu.cn/entity/C06001,219,d_219,http://id.nlm.nih.gov/mesh/D011236,0.44285919435412396,neg
41,c_41,http://nlp_microbe.ccnu.edu.cn/entity/C03406,169,d_169,http://id.nlm.nih.gov/mesh/D011236,0.41180177476662416,neg
160,c_160,http://nlp_microbe.ccnu.edu.cn/entity/C00295,93,d_93,http://id.nlm.nih.gov/mesh/D011236,0.3958164095297573,neg
440,c_440,http://nlp_microbe.ccnu.edu.cn/entity/C00140,149,d_149,http://id.nlm.nih.gov/mesh/D011236,0.452289393330954,neg
291,c_291,http://nlp_microbe.ccnu.edu.cn/entity/C00214,4,d_4,http://id.nlm.nih.gov/mesh/D011236,0.44960074474966305,neg
15,c_15,http://nlp_microbe.ccnu.edu.cn/entity/C00016,116,d_116,http://id.nlm.nih.gov/mesh/D011236,0.46672852910273055,neg
436,c_436,http://nlp_microbe.ccnu.edu.cn/entity/C03758,90,d_90,http://id.nlm.nih.gov/mesh/D011236,0.30675961532794,neg
327,c_327,http://nlp_microbe.ccnu.edu.cn/entity/C04317,49,d_49,http://id.nlm.nih.gov/mesh/D011236,0.4040840651619733,neg
507,c_507,http://nlp_microbe.ccnu.edu.cn/entity/C02630,179,d_179,http://id.nlm.nih.gov/mesh/D011236,0.4719418583229229,neg
70,c_70,http://nlp_microbe.ccnu.edu.cn/entity/C05484,29,d_29,http://id.nlm.nih.gov/mesh/D011236,0.2722971048585085,neg
506,c_506,http://nlp_microbe.ccnu.edu.cn/entity/C10172,41,d_41,http://id.nlm.nih.gov/mesh/D011236,0.40053088271147924,neg
358,c_358,http://nlp_microbe.ccnu.edu.cn/entity/C00294,77,d_77,http://id.nlm.nih.gov/mesh/D011236,0.44332492727824424,neg
14,c_14,http://nlp_microbe.ccnu.edu.cn/entity/C14769,42,d_42,http://id.nlm.nih.gov/mesh/D011236,0.4084773409271323,neg
221,c_221,http://nlp_microbe.ccnu.edu.cn/entity/C00169,181,d_181,http://id.nlm.nih.gov/mesh/D011236,0.3275614495980215,neg
108,c_108,http://nlp_microbe.ccnu.edu.cn/entity/C00880,171,d_171,http://id.nlm.nih.gov/mesh/D011236,0.4467113194805516,neg
342,c_342,http://nlp_microbe.ccnu.edu.cn/entity/C00051,229,d_229,http://id.nlm.nih.gov/mesh/D011236,0.4210028542316009,neg
466,c_466,http://nlp_microbe.ccnu.edu.cn/entity/C00064,183,d_183,http://id.nlm.nih.gov/mesh/D011236,0.42138844179524215,neg
223,c_223,http://nlp_microbe.ccnu.edu.cn/entity/C00089,77,d_77,http://id.nlm.nih.gov/mesh/D011236,0.44332492727824424,neg
217,c_217,http://nlp_microbe.ccnu.edu.cn/entity/C00490,96,d_96,http://id.nlm.nih.gov/mesh/D011236,0.4653906384634697,neg
456,c_456,http://nlp_microbe.ccnu.edu.cn/entity/C02277,74,d_74,http://id.nlm.nih.gov/mesh/D011236,0.44133983063369164,neg
290,c_290,http://nlp_microbe.ccnu.edu.cn/entity/C05944,196,d_196,http://id.nlm.nih.gov/mesh/D011236,0.34123377884282796,neg
230,c_230,http://nlp_microbe.ccnu.edu.cn/entity/C00534,103,d_103,http://id.nlm.nih.gov/mesh/D011236,0.45559095956534434,neg
230,c_230,http://nlp_microbe.ccnu.edu.cn/entity/C00534,188,d_188,http://id.nlm.nih.gov/mesh/D011236,0.3826259176455707,neg
428,c_428,http://nlp_microbe.ccnu.edu.cn/entity/C00010,106,d_106,http://id.nlm.nih.gov/mesh/D011236,0.41663893678532316,neg
298,c_298,http://nlp_microbe.ccnu.edu.cn/entity/C00311,181,d_181,http://id.nlm.nih.gov/mesh/D011236,0.27463365357089936,neg
461,c_461,http://nlp_microbe.ccnu.edu.cn/entity/C00103,4,d_4,http://id.nlm.nih.gov/mesh/D011236,0.4706695997118055,neg
487,c_487,http://nlp_microbe.ccnu.edu.cn/entity/C06104,161,d_161,http://id.nlm.nih.gov/mesh/D011236,0.3971603370675866,neg
213,c_213,http://nlp_microbe.ccnu.edu.cn/entity/C00345,194,d_194,http://id.nlm.nih.gov/mesh/D011236,0.45638434906361836,neg
171,c_171,http://nlp_microbe.ccnu.edu.cn/entity/C05843,235,d_235,http://id.nlm.nih.gov/mesh/D011236,0.3947645415681825,neg
460,c_460,http://nlp_microbe.ccnu.edu.cn/entity/C02470,180,d_180,http://id.nlm.nih.gov/mesh/D011236,0.46646270328596373,neg
87,c_87,http://nlp_microbe.ccnu.edu.cn/entity/C03722,132,d_132,http://id.nlm.nih.gov/mesh/D011236,0.44525739457132435,neg
501,c_501,http://nlp_microbe.ccnu.edu.cn/entity/C02990,229,d_229,http://id.nlm.nih.gov/mesh/D011236,0.4210028542316009,neg
327,c_327,http://nlp_microbe.ccnu.edu.cn/entity/C04317,36,d_36,http://id.nlm.nih.gov/mesh/D011236,0.20118328138886898,neg
200,c_200,http://nlp_microbe.ccnu.edu.cn/entity/C00105,5,d_5,http://id.nlm.nih.gov/mesh/D011236,0.4467910351763362,neg
67,c_67,http://nlp_microbe.ccnu.edu.cn/entity/C01104,199,d_199,http://id.nlm.nih.gov/mesh/D011236,0.4722038149215234,neg
12,c_12,http://nlp_microbe.ccnu.edu.cn/entity/C05472,166,d_166,http://id.nlm.nih.gov/mesh/D011236,0.45278521744113887,neg
273,c_273,http://nlp_microbe.ccnu.edu.cn/entity/C01546,230,d_230,http://id.nlm.nih.gov/mesh/D011236,0.474765253182746,neg
90,c_90,http://nlp_microbe.ccnu.edu.cn/entity/C00063,114,d_114,http://id.nlm.nih.gov/mesh/D011236,0.4512713556270715,neg
85,c_85,http://nlp_microbe.ccnu.edu.cn/entity/C00135,118,d_118,http://id.nlm.nih.gov/mesh/D011236,0.3583128456027641,neg
297,c_297,http://nlp_microbe.ccnu.edu.cn/entity/C05463,113,d_113,http://id.nlm.nih.gov/mesh/D011236,0.4434246282780681,neg
123,c_123,http://nlp_microbe.ccnu.edu.cn/entity/C00500,35,d_35,http://id.nlm.nih.gov/mesh/D011236,0.4703204060861324,neg
147,c_147,http://nlp_microbe.ccnu.edu.cn/entity/C00780,189,d_189,http://id.nlm.nih.gov/mesh/D011236,0.43235837707737784,neg
502,c_502,http://nlp_microbe.ccnu.edu.cn/entity/C03557,14,d_14,http://id.nlm.nih.gov/mesh/D011236,0.415662054565676,neg
447,c_447,http://nlp_microbe.ccnu.edu.cn/entity/C00422,183,d_183,http://id.nlm.nih.gov/mesh/D011236,0.4491426379457006,neg
248,c_248,http://nlp_microbe.ccnu.edu.cn/entity/C05139,160,d_160,http://id.nlm.nih.gov/mesh/D011236,0.440006839087056,neg
481,c_481,http://nlp_microbe.ccnu.edu.cn/entity/C02679,230,d_230,http://id.nlm.nih.gov/mesh/D011236,0.474765253182746,neg
192,c_192,http://nlp_microbe.ccnu.edu.cn/entity/C00065,184,d_184,http://id.nlm.nih.gov/mesh/D011236,0.45479694559948713,neg
476,c_476,http://nlp_microbe.ccnu.edu.cn/entity/C02076,21,d_21,http://id.nlm.nih.gov/mesh/D011236,0.4135455956845144,neg
249,c_249,http://nlp_microbe.ccnu.edu.cn/entity/C01227,192,d_192,http://id.nlm.nih.gov/mesh/D011236,0.4109662212953764,neg
205,c_205,http://nlp_microbe.ccnu.edu.cn/entity/C00024,179,d_179,http://id.nlm.nih.gov/mesh/D011236,0.4719418583229229,neg
499,c_499,http://nlp_microbe.ccnu.edu.cn/entity/C01424,126,d_126,http://id.nlm.nih.gov/mesh/D011236,0.4020430394991283,neg
333,c_333,http://nlp_microbe.ccnu.edu.cn/entity/C00183,42,d_42,http://id.nlm.nih.gov/mesh/D011236,0.4261655321375368,neg
394,c_394,http://nlp_microbe.ccnu.edu.cn/entity/C00227,27,d_27,http://id.nlm.nih.gov/mesh/D011236,0.4256427948211828,neg
462,c_462,http://nlp_microbe.ccnu.edu.cn/entity/C13861,102,d_102,http://id.nlm.nih.gov/mesh/D011236,0.9808641572008737,neg
326,c_326,http://nlp_microbe.ccnu.edu.cn/entity/C00568,142,d_142,http://id.nlm.nih.gov/mesh/D011236,0.47507396413200353,neg
284,c_284,http://nlp_microbe.ccnu.edu.cn/entity/C06424,215,d_215,http://id.nlm.nih.gov/mesh/D011236,0.4553156284102443,neg
451,c_451,http://nlp_microbe.ccnu.edu.cn/entity/C05332,10,d_10,http://id.nlm.nih.gov/mesh/D011236,0.3664389316465073,neg
328,c_328,http://nlp_microbe.ccnu.edu.cn/entity/C10164,152,d_152,http://id.nlm.nih.gov/mesh/D011236,0.42295830983751775,neg
224,c_224,http://nlp_microbe.ccnu.edu.cn/entity/C02356,184,d_184,http://id.nlm.nih.gov/mesh/D011236,0.45479694559948713,neg
418,c_418,http://nlp_microbe.ccnu.edu.cn/entity/C00366,1,d_1,http://id.nlm.nih.gov/mesh/D011236,0.441641525635324,neg
395,c_395,http://nlp_microbe.ccnu.edu.cn/entity/C06501,149,d_149,http://id.nlm.nih.gov/mesh/D011236,0.46559060858355306,neg
481,c_481,http://nlp_microbe.ccnu.edu.cn/entity/C02679,220,d_220,http://id.nlm.nih.gov/mesh/D011236,0.4124067523587913,neg
446,c_446,http://nlp_microbe.ccnu.edu.cn/entity/C01685,72,d_72,http://id.nlm.nih.gov/mesh/D011236,0.4372265345584143,neg
506,c_506,http://nlp_microbe.ccnu.edu.cn/entity/C10172,136,d_136,http://id.nlm.nih.gov/mesh/D011236,0.45434112502336976,neg
126,c_126,http://nlp_microbe.ccnu.edu.cn/entity/C00147,220,d_220,http://id.nlm.nih.gov/mesh/D011236,0.41305422582689,neg
302,c_302,http://nlp_microbe.ccnu.edu.cn/entity/C00041,103,d_103,http://id.nlm.nih.gov/mesh/D011236,0.43373231454741035,neg
311,c_311,http://nlp_microbe.ccnu.edu.cn/entity/C00387,53,d_53,http://id.nlm.nih.gov/mesh/D011236,0.4641783710474416,neg
429,c_429,http://nlp_microbe.ccnu.edu.cn/entity/C00199,97,d_97,http://id.nlm.nih.gov/mesh/D011236,0.4772037633426582,neg
198,c_198,http://nlp_microbe.ccnu.edu.cn/entity/C00130,32,d_32,http://id.nlm.nih.gov/mesh/D011236,0.3660679061291899,neg
410,c_410,http://nlp_microbe.ccnu.edu.cn/entity/C15515,23,d_23,http://id.nlm.nih.gov/mesh/D011236,0.4334672576790155,neg
354,c_354,http://nlp_microbe.ccnu.edu.cn/entity/C03139,35,d_35,http://id.nlm.nih.gov/mesh/D011236,0.45529138579177325,neg
455,c_455,http://nlp_microbe.ccnu.edu.cn/entity/C00218,227,d_227,http://id.nlm.nih.gov/mesh/D011236,0.45535950587081647,neg
309,c_309,http://nlp_microbe.ccnu.edu.cn/entity/C04409,176,d_176,http://id.nlm.nih.gov/mesh/D011236,0.36933391933107546,neg
410,c_410,http://nlp_microbe.ccnu.edu.cn/entity/C15515,203,d_203,http://id.nlm.nih.gov/mesh/D011236,0.44345850286923705,neg
2,c_2,http://nlp_microbe.ccnu.edu.cn/entity/C06473,76,d_76,http://id.nlm.nih.gov/mesh/D011236,0.46579656311835715,neg
75,c_75,http://nlp_microbe.ccnu.edu.cn/entity/C05659,35,d_35,http://id.nlm.nih.gov/mesh/D011236,0.4411262122181518,neg
320,c_320,http://nlp_microbe.ccnu.edu.cn/entity/C00307,97,d_97,http://id.nlm.nih.gov/mesh/D011236,0.4773918465442786,neg
125,c_125,http://nlp_microbe.ccnu.edu.cn/entity/C16353,4,d_4,http://id.nlm.nih.gov/mesh/D011236,0.45609879673103587,neg
136,c_136,http://nlp_microbe.ccnu.edu.cn/entity/C00327,110,d_110,http://id.nlm.nih.gov/mesh/D011236,0.4643559085007839,neg
410,c_410,http://nlp_microbe.ccnu.edu.cn/entity/C15515,12,d_12,http://id.nlm.nih.gov/mesh/D011236,0.4324845664448563,neg
362,c_362,http://nlp_microbe.ccnu.edu.cn/entity/C12323,184,d_184,http://id.nlm.nih.gov/mesh/D011236,0.45479694559948713,neg
49,c_49,http://nlp_microbe.ccnu.edu.cn/entity/C05635,14,d_14,http://id.nlm.nih.gov/mesh/D011236,0.4243525950449185,neg
406,c_406,http://nlp_microbe.ccnu.edu.cn/entity/C00195,234,d_234,http://id.nlm.nih.gov/mesh/D011236,0.4346670999734334,neg
448,c_448,http://nlp_microbe.ccnu.edu.cn/entity/C02642,226,d_226,http://id.nlm.nih.gov/mesh/D011236,0.3360202242708847,neg
233,c_233,http://nlp_microbe.ccnu.edu.cn/entity/C06576,60,d_60,http://id.nlm.nih.gov/mesh/D011236,0.45536382232989636,neg
190,c_190,http://nlp_microbe.ccnu.edu.cn/entity/C00486,43,d_43,http://id.nlm.nih.gov/mesh/D011236,0.4706516072580552,neg
58,c_58,http://nlp_microbe.ccnu.edu.cn/entity/C19670,105,d_105,http://id.nlm.nih.gov/mesh/D011236,0.23788257974337543,neg
372,c_372,http://nlp_microbe.ccnu.edu.cn/entity/C12144,63,d_63,http://id.nlm.nih.gov/mesh/D011236,0.4435263713171227,neg
483,c_483,http://nlp_microbe.ccnu.edu.cn/entity/C05123,145,d_145,http://id.nlm.nih.gov/mesh/D011236,0.4359207490982263,neg
228,c_228,http://nlp_microbe.ccnu.edu.cn/entity/C01933,234,d_234,http://id.nlm.nih.gov/mesh/D011236,0.4351598369275042,neg
391,c_391,http://nlp_microbe.ccnu.edu.cn/entity/C01120,116,d_116,http://id.nlm.nih.gov/mesh/D011236,0.46672852910273055,neg
198,c_198,http://nlp_microbe.ccnu.edu.cn/entity/C00130,191,d_191,http://id.nlm.nih.gov/mesh/D011236,0.4100634819467199,neg
13,c_13,http://nlp_microbe.ccnu.edu.cn/entity/C02140,126,d_126,http://id.nlm.nih.gov/mesh/D011236,0.4436204800306216,neg
52,c_52,http://nlp_microbe.ccnu.edu.cn/entity/C00750,184,d_184,http://id.nlm.nih.gov/mesh/D011236,0.4363338552286328,neg
199,c_199,http://nlp_microbe.ccnu.edu.cn/entity/C06125,67,d_67,http://id.nlm.nih.gov/mesh/D011236,0.41232924166399665,neg
432,c_432,http://nlp_microbe.ccnu.edu.cn/entity/C08323,35,d_35,http://id.nlm.nih.gov/mesh/D011236,0.47008069437995603,neg
365,c_365,http://nlp_microbe.ccnu.edu.cn/entity/C01996,144,d_144,http://id.nlm.nih.gov/mesh/D011236,0.4514039153287137,neg
183,c_183,http://nlp_microbe.ccnu.edu.cn/entity/C02538,25,d_25,http://id.nlm.nih.gov/mesh/D011236,0.4505922971399541,neg
364,c_364,http://nlp_microbe.ccnu.edu.cn/entity/C00181,84,d_84,http://id.nlm.nih.gov/mesh/D011236,0.44625099333998425,neg
355,c_355,http://nlp_microbe.ccnu.edu.cn/entity/C00847,69,d_69,http://id.nlm.nih.gov/mesh/D011236,0.372547599672357,neg
267,c_267,http://nlp_microbe.ccnu.edu.cn/entity/C00431,128,d_128,http://id.nlm.nih.gov/mesh/D011236,0.4377519439002831,neg
47,c_47,http://nlp_microbe.ccnu.edu.cn/entity/C00364,91,d_91,http://id.nlm.nih.gov/mesh/D011236,0.44291429313812875,neg
508,c_508,http://nlp_microbe.ccnu.edu.cn/entity/C00097,130,d_130,http://id.nlm.nih.gov/mesh/D011236,0.3800044981975778,neg
412,c_412,http://nlp_microbe.ccnu.edu.cn/entity/C00519,123,d_123,http://id.nlm.nih.gov/mesh/D011236,0.35702756927910656,neg
256,c_256,http://nlp_microbe.ccnu.edu.cn/entity/C01233,96,d_96,http://id.nlm.nih.gov/mesh/D011236,0.4656641838832828,neg
154,c_154,http://nlp_microbe.ccnu.edu.cn/entity/C00360,56,d_56,http://id.nlm.nih.gov/mesh/D011236,0.4481299233415191,neg
66,c_66,http://nlp_microbe.ccnu.edu.cn/entity/C00458,33,d_33,http://id.nlm.nih.gov/mesh/D011236,0.3351850515729121,neg
35,c_35,http://nlp_microbe.ccnu.edu.cn/entity/C06337,83,d_83,http://id.nlm.nih.gov/mesh/D011236,0.42892409708428963,neg
202,c_202,http://nlp_microbe.ccnu.edu.cn/entity/C01181,101,d_101,http://id.nlm.nih.gov/mesh/D011236,0.4530025344058189,neg
309,c_309,http://nlp_microbe.ccnu.edu.cn/entity/C04409,160,d_160,http://id.nlm.nih.gov/mesh/D011236,0.44397389453903713,neg
357,c_357,http://nlp_microbe.ccnu.edu.cn/entity/C00628,226,d_226,http://id.nlm.nih.gov/mesh/D011236,0.3957907380040669,neg
71,c_71,http://nlp_microbe.ccnu.edu.cn/entity/C00267,197,d_197,http://id.nlm.nih.gov/mesh/D011236,0.3838993201174469,neg
232,c_232,http://nlp_microbe.ccnu.edu.cn/entity/C00120,112,d_112,http://id.nlm.nih.gov/mesh/D011236,0.4285564486834746,neg
324,c_324,http://nlp_microbe.ccnu.edu.cn/entity/C11735,212,d_212,http://id.nlm.nih.gov/mesh/D011236,0.40680364969593935,neg
508,c_508,http://nlp_microbe.ccnu.edu.cn/entity/C00097,74,d_74,http://id.nlm.nih.gov/mesh/D011236,0.4390289618259183,neg
192,c_192,http://nlp_microbe.ccnu.edu.cn/entity/C00065,4,d_4,http://id.nlm.nih.gov/mesh/D011236,0.47043238129863196,neg
22,c_22,http://nlp_microbe.ccnu.edu.cn/entity/C00318,11,d_11,http://id.nlm.nih.gov/mesh/D011236,0.4558840895730144,neg
94,c_94,http://nlp_microbe.ccnu.edu.cn/entity/C00455,129,d_129,http://id.nlm.nih.gov/mesh/D011236,0.383088854921316,neg
121,c_121,http://nlp_microbe.ccnu.edu.cn/entity/C00003,208,d_208,http://id.nlm.nih.gov/mesh/D011236,0.4435630389563134,neg
255,c_255,http://nlp_microbe.ccnu.edu.cn/entity/C03824,236,d_236,http://id.nlm.nih.gov/mesh/D011236,0.3193592908974968,neg
476,c_476,http://nlp_microbe.ccnu.edu.cn/entity/C02076,103,d_103,http://id.nlm.nih.gov/mesh/D011236,0.43020759530207736,neg
71,c_71,http://nlp_microbe.ccnu.edu.cn/entity/C00267,207,d_207,http://id.nlm.nih.gov/mesh/D011236,0.4424604080819073,neg
250,c_250,http://nlp_microbe.ccnu.edu.cn/entity/C02291,112,d_112,http://id.nlm.nih.gov/mesh/D011236,0.422858387020549,neg
398,c_398,http://nlp_microbe.ccnu.edu.cn/entity/C00984,77,d_77,http://id.nlm.nih.gov/mesh/D011236,0.44288947902495607,neg
176,c_176,http://nlp_microbe.ccnu.edu.cn/entity/C05466,150,d_150,http://id.nlm.nih.gov/mesh/D011236,0.41236715513838035,neg
437,c_437,http://nlp_microbe.ccnu.edu.cn/entity/C05852,114,d_114,http://id.nlm.nih.gov/mesh/D011236,0.4611764895008922,neg
9,c_9,http://nlp_microbe.ccnu.edu.cn/entity/C00253,16,d_16,http://id.nlm.nih.gov/mesh/D011236,0.46635138971467577,neg
419,c_419,http://nlp_microbe.ccnu.edu.cn/entity/C05660,24,d_24,http://id.nlm.nih.gov/mesh/D011236,0.2519578136068804,neg
465,c_465,http://nlp_microbe.ccnu.edu.cn/entity/C02494,186,d_186,http://id.nlm.nih.gov/mesh/D011236,0.40939368993214564,neg
129,c_129,http://nlp_microbe.ccnu.edu.cn/entity/C07326,133,d_133,http://id.nlm.nih.gov/mesh/D011236,0.43220888051616474,neg
204,c_204,http://nlp_microbe.ccnu.edu.cn/entity/C13624,65,d_65,http://id.nlm.nih.gov/mesh/D011236,0.4578830439025533,neg
489,c_489,http://nlp_microbe.ccnu.edu.cn/entity/C00189,82,d_82,http://id.nlm.nih.gov/mesh/D011236,0.4773918465442786,neg
190,c_190,http://nlp_microbe.ccnu.edu.cn/entity/C00486,226,d_226,http://id.nlm.nih.gov/mesh/D011236,0.3957907380040669,neg
266,c_266,http://nlp_microbe.ccnu.edu.cn/entity/C00337,118,d_118,http://id.nlm.nih.gov/mesh/D011236,0.4244680605409762,neg
120,c_120,http://nlp_microbe.ccnu.edu.cn/entity/C03465,167,d_167,http://id.nlm.nih.gov/mesh/D011236,0.4758274755418593,neg
208,c_208,http://nlp_microbe.ccnu.edu.cn/entity/C05793,124,d_124,http://id.nlm.nih.gov/mesh/D011236,0.45311006231300127,neg
502,c_502,http://nlp_microbe.ccnu.edu.cn/entity/C03557,213,d_213,http://id.nlm.nih.gov/mesh/D011236,0.4070517162310383,neg
316,c_316,http://nlp_microbe.ccnu.edu.cn/entity/C04677,148,d_148,http://id.nlm.nih.gov/mesh/D011236,0.47652228139191494,neg
221,c_221,http://nlp_microbe.ccnu.edu.cn/entity/C00169,157,d_157,http://id.nlm.nih.gov/mesh/D011236,0.44295967182500195,neg
497,c_497,http://nlp_microbe.ccnu.edu.cn/entity/C00344,223,d_223,http://id.nlm.nih.gov/mesh/D011236,0.39398523946100267,neg
304,c_304,http://nlp_microbe.ccnu.edu.cn/entity/C00626,69,d_69,http://id.nlm.nih.gov/mesh/D011236,0.41223163911369864,neg
178,c_178,http://nlp_microbe.ccnu.edu.cn/entity/C00836,231,d_231,http://id.nlm.nih.gov/mesh/D011236,0.47652228139191494,neg
281,c_281,http://nlp_microbe.ccnu.edu.cn/entity/C03672,162,d_162,http://id.nlm.nih.gov/mesh/D011236,0.37692783486956116,neg
267,c_267,http://nlp_microbe.ccnu.edu.cn/entity/C00431,76,d_76,http://id.nlm.nih.gov/mesh/D011236,0.449704895015022,neg
196,c_196,http://nlp_microbe.ccnu.edu.cn/entity/C00166,159,d_159,http://id.nlm.nih.gov/mesh/D011236,0.4430363052120896,neg
8,c_8,http://nlp_microbe.ccnu.edu.cn/entity/C02862,238,d_238,http://id.nlm.nih.gov/mesh/D011236,0.3518231933904923,neg
307,c_307,http://nlp_microbe.ccnu.edu.cn/entity/C02502,62,d_62,http://id.nlm.nih.gov/mesh/D011236,0.30978446524700815,neg
438,c_438,http://nlp_microbe.ccnu.edu.cn/entity/C00507,111,d_111,http://id.nlm.nih.gov/mesh/D011236,0.47540117512866564,neg
315,c_315,http://nlp_microbe.ccnu.edu.cn/entity/C00300,114,d_114,http://id.nlm.nih.gov/mesh/D011236,0.44376756517729027,neg
60,c_60,http://nlp_microbe.ccnu.edu.cn/entity/C00043,88,d_88,http://id.nlm.nih.gov/mesh/D011236,0.4611824399547163,neg
252,c_252,http://nlp_microbe.ccnu.edu.cn/entity/C00186,9,d_9,http://id.nlm.nih.gov/mesh/D011236,0.47441608057789075,neg
112,c_112,http://nlp_microbe.ccnu.edu.cn/entity/C05834,138,d_138,http://id.nlm.nih.gov/mesh/D011236,0.44941630224658013,neg
79,c_79,http://nlp_microbe.ccnu.edu.cn/entity/C01161,51,d_51,http://id.nlm.nih.gov/mesh/D011236,0.4443282009074733,neg
137,c_137,http://nlp_microbe.ccnu.edu.cn/entity/C00246,19,d_19,http://id.nlm.nih.gov/mesh/D011236,0.4110597295342037,neg
69,c_69,http://nlp_microbe.ccnu.edu.cn/entity/C05589,213,d_213,http://id.nlm.nih.gov/mesh/D011236,0.43841109027663827,neg
13,c_13,http://nlp_microbe.ccnu.edu.cn/entity/C02140,107,d_107,http://id.nlm.nih.gov/mesh/D011236,0.3433542944335375,neg
267,c_267,http://nlp_microbe.ccnu.edu.cn/entity/C00431,165,d_165,http://id.nlm.nih.gov/mesh/D011236,0.3712767691344942,neg
273,c_273,http://nlp_microbe.ccnu.edu.cn/entity/C01546,231,d_231,http://id.nlm.nih.gov/mesh/D011236,0.4763278874211131,neg
503,c_503,http://nlp_microbe.ccnu.edu.cn/entity/C00111,205,d_205,http://id.nlm.nih.gov/mesh/D011236,0.4189305726886212,neg
101,c_101,http://nlp_microbe.ccnu.edu.cn/entity/C01081,70,d_70,http://id.nlm.nih.gov/mesh/D011236,0.35211613942521547,neg
286,c_286,http://nlp_microbe.ccnu.edu.cn/entity/C00410,43,d_43,http://id.nlm.nih.gov/mesh/D011236,0.4532203493350781,neg
195,c_195,http://nlp_microbe.ccnu.edu.cn/entity/C00993,155,d_155,http://id.nlm.nih.gov/mesh/D011236,0.37088681505835197,neg
342,c_342,http://nlp_microbe.ccnu.edu.cn/entity/C00051,77,d_77,http://id.nlm.nih.gov/mesh/D011236,0.44288947902495607,neg
212,c_212,http://nlp_microbe.ccnu.edu.cn/entity/C01026,88,d_88,http://id.nlm.nih.gov/mesh/D011236,0.4411822800782041,neg
151,c_151,http://nlp_microbe.ccnu.edu.cn/entity/C00670,230,d_230,http://id.nlm.nih.gov/mesh/D011236,0.474765253182746,neg
442,c_442,http://nlp_microbe.ccnu.edu.cn/entity/C00044,188,d_188,http://id.nlm.nih.gov/mesh/D011236,0.38347128332740477,neg
341,c_341,http://nlp_microbe.ccnu.edu.cn/entity/C00279,27,d_27,http://id.nlm.nih.gov/mesh/D011236,0.4256427948211828,neg
458,c_458,http://nlp_microbe.ccnu.edu.cn/entity/C00740,98,d_98,http://id.nlm.nih.gov/mesh/D011236,0.4299985633318891,neg
147,c_147,http://nlp_microbe.ccnu.edu.cn/entity/C00780,9,d_9,http://id.nlm.nih.gov/mesh/D011236,0.4746244096016199,neg
132,c_132,http://nlp_microbe.ccnu.edu.cn/entity/C03033,234,d_234,http://id.nlm.nih.gov/mesh/D011236,0.3806884926483363,neg
151,c_151,http://nlp_microbe.ccnu.edu.cn/entity/C00670,140,d_140,http://id.nlm.nih.gov/mesh/D011236,0.42274541594276693,neg
309,c_309,http://nlp_microbe.ccnu.edu.cn/entity/C04409,42,d_42,http://id.nlm.nih.gov/mesh/D011236,0.4013918135317201,neg
310,c_310,http://nlp_microbe.ccnu.edu.cn/entity/C06153,221,d_221,http://id.nlm.nih.gov/mesh/D011236,0.4006275531121739,neg
415,c_415,http://nlp_microbe.ccnu.edu.cn/entity/C06588,203,d_203,http://id.nlm.nih.gov/mesh/D011236,0.4634785986835114,neg
23,c_23,http://nlp_microbe.ccnu.edu.cn/entity/C01551,77,d_77,http://id.nlm.nih.gov/mesh/D011236,0.4197701912794942,neg
389,c_389,http://nlp_microbe.ccnu.edu.cn/entity/C00392,88,d_88,http://id.nlm.nih.gov/mesh/D011236,0.4614863313787057,neg
474,c_474,http://nlp_microbe.ccnu.edu.cn/entity/C00159,15,d_15,http://id.nlm.nih.gov/mesh/D011236,0.42383204740040026,neg
344,c_344,http://nlp_microbe.ccnu.edu.cn/entity/C00082,179,d_179,http://id.nlm.nih.gov/mesh/D011236,0.44052830627940687,neg
290,c_290,http://nlp_microbe.ccnu.edu.cn/entity/C05944,189,d_189,http://id.nlm.nih.gov/mesh/D011236,0.4037907998606087,neg
279,c_279,http://nlp_microbe.ccnu.edu.cn/entity/C05464,172,d_172,http://id.nlm.nih.gov/mesh/D011236,0.45541238295652725,neg
236,c_236,http://nlp_microbe.ccnu.edu.cn/entity/C00112,212,d_212,http://id.nlm.nih.gov/mesh/D011236,0.4178661342150235,neg
86,c_86,http://nlp_microbe.ccnu.edu.cn/entity/C00144,40,d_40,http://id.nlm.nih.gov/mesh/D011236,0.3600349309160849,neg
50,c_50,http://nlp_microbe.ccnu.edu.cn/entity/C00284,27,d_27,http://id.nlm.nih.gov/mesh/D011236,0.4007105474121901,neg
417,c_417,http://nlp_microbe.ccnu.edu.cn/entity/C00352,218,d_218,http://id.nlm.nih.gov/mesh/D011236,0.43958516682391646,neg
72,c_72,http://nlp_microbe.ccnu.edu.cn/entity/C01152,29,d_29,http://id.nlm.nih.gov/mesh/D011236,0.2574759847472518,neg
136,c_136,http://nlp_microbe.ccnu.edu.cn/entity/C00327,83,d_83,http://id.nlm.nih.gov/mesh/D011236,0.448712742139571,neg
266,c_266,http://nlp_microbe.ccnu.edu.cn/entity/C00337,130,d_130,http://id.nlm.nih.gov/mesh/D011236,0.4205175756830824,neg
469,c_469,http://nlp_microbe.ccnu.edu.cn/entity/C06746,120,d_120,http://id.nlm.nih.gov/mesh/D011236,0.46623999791115106,neg
217,c_217,http://nlp_microbe.ccnu.edu.cn/entity/C00490,92,d_92,http://id.nlm.nih.gov/mesh/D011236,0.44275764067847906,neg
120,c_120,http://nlp_microbe.ccnu.edu.cn/entity/C03465,188,d_188,http://id.nlm.nih.gov/mesh/D011236,0.38347128332740477,neg
225,c_225,http://nlp_microbe.ccnu.edu.cn/entity/C00160,223,d_223,http://id.nlm.nih.gov/mesh/D011236,0.42770706773989686,neg
209,c_209,http://nlp_microbe.ccnu.edu.cn/entity/C02336,210,d_210,http://id.nlm.nih.gov/mesh/D011236,0.44198903347268703,neg
164,c_164,http://nlp_microbe.ccnu.edu.cn/entity/C00735,166,d_166,http://id.nlm.nih.gov/mesh/D011236,0.4679976872548414,neg
97,c_97,http://nlp_microbe.ccnu.edu.cn/entity/C05672,183,d_183,http://id.nlm.nih.gov/mesh/D011236,0.4255604600158642,neg
420,c_420,http://nlp_microbe.ccnu.edu.cn/entity/C01042,70,d_70,http://id.nlm.nih.gov/mesh/D011236,0.3531514892797535,neg
281,c_281,http://nlp_microbe.ccnu.edu.cn/entity/C03672,226,d_226,http://id.nlm.nih.gov/mesh/D011236,0.3582396527266588,neg
86,c_86,http://nlp_microbe.ccnu.edu.cn/entity/C00144,219,d_219,http://id.nlm.nih.gov/mesh/D011236,0.3338748288681975,neg
22,c_22,http://nlp_microbe.ccnu.edu.cn/entity/C00318,145,d_145,http://id.nlm.nih.gov/mesh/D011236,0.4080265309103955,neg
445,c_445,http://nlp_microbe.ccnu.edu.cn/entity/C00114,228,d_228,http://id.nlm.nih.gov/mesh/D011236,0.426682332450534,neg
179,c_179,http://nlp_microbe.ccnu.edu.cn/entity/C00165,200,d_200,http://id.nlm.nih.gov/mesh/D011236,0.4260599016071947,neg
175,c_175,http://nlp_microbe.ccnu.edu.cn/entity/C01672,90,d_90,http://id.nlm.nih.gov/mesh/D011236,0.3054683327784378,neg
445,c_445,http://nlp_microbe.ccnu.edu.cn/entity/C00114,223,d_223,http://id.nlm.nih.gov/mesh/D011236,0.43303140271044727,neg
173,c_173,http://nlp_microbe.ccnu.edu.cn/entity/C13856,3,d_3,http://id.nlm.nih.gov/mesh/D011236,0.44087681258278527,neg
326,c_326,http://nlp_microbe.ccnu.edu.cn/entity/C00568,134,d_134,http://id.nlm.nih.gov/mesh/D011236,0.39772234169970605,neg
115,c_115,http://nlp_microbe.ccnu.edu.cn/entity/C05584,52,d_52,http://id.nlm.nih.gov/mesh/D011236,0.4365684664136491,neg
501,c_501,http://nlp_microbe.ccnu.edu.cn/entity/C02990,201,d_201,http://id.nlm.nih.gov/mesh/D011236,0.4475042701106662,neg
440,c_440,http://nlp_microbe.ccnu.edu.cn/entity/C00140,184,d_184,http://id.nlm.nih.gov/mesh/D011236,0.43973955978039214,neg
455,c_455,http://nlp_microbe.ccnu.edu.cn/entity/C00218,158,d_158,http://id.nlm.nih.gov/mesh/D011236,0.4429515277108485,neg
412,c_412,http://nlp_microbe.ccnu.edu.cn/entity/C00519,126,d_126,http://id.nlm.nih.gov/mesh/D011236,0.4436204800306216,neg
431,c_431,http://nlp_microbe.ccnu.edu.cn/entity/C01762,100,d_100,http://id.nlm.nih.gov/mesh/D011236,0.4735664251848524,neg
121,c_121,http://nlp_microbe.ccnu.edu.cn/entity/C00003,186,d_186,http://id.nlm.nih.gov/mesh/D011236,0.4434152246877494,neg
294,c_294,http://nlp_microbe.ccnu.edu.cn/entity/C00026,224,d_224,http://id.nlm.nih.gov/mesh/D011236,0.42474809494353144,neg
346,c_346,http://nlp_microbe.ccnu.edu.cn/entity/C00474,202,d_202,http://id.nlm.nih.gov/mesh/D011236,0.44359261992820864,neg
12,c_12,http://nlp_microbe.ccnu.edu.cn/entity/C05472,84,d_84,http://id.nlm.nih.gov/mesh/D011236,0.42604241134646154,neg
419,c_419,http://nlp_microbe.ccnu.edu.cn/entity/C05660,8,d_8,http://id.nlm.nih.gov/mesh/D011236,0.4585142214075292,neg
510,c_510,http://nlp_microbe.ccnu.edu.cn/entity/C00074,221,d_221,http://id.nlm.nih.gov/mesh/D011236,0.4006275531121739,neg
326,c_326,http://nlp_microbe.ccnu.edu.cn/entity/C00568,145,d_145,http://id.nlm.nih.gov/mesh/D011236,0.4354332582043197,neg
280,c_280,http://nlp_microbe.ccnu.edu.cn/entity/C00134,189,d_189,http://id.nlm.nih.gov/mesh/D011236,0.3621861355396826,neg
34,c_34,http://nlp_microbe.ccnu.edu.cn/entity/C00380,180,d_180,http://id.nlm.nih.gov/mesh/D011236,0.4474459753299604,neg
292,c_292,http://nlp_microbe.ccnu.edu.cn/entity/C00033,140,d_140,http://id.nlm.nih.gov/mesh/D011236,0.39516824075237317,neg
476,c_476,http://nlp_microbe.ccnu.edu.cn/entity/C02076,68,d_68,http://id.nlm.nih.gov/mesh/D011236,0.4135133310350809,neg
457,c_457,http://nlp_microbe.ccnu.edu.cn/entity/C03343,102,d_102,http://id.nlm.nih.gov/mesh/D011236,0.9729654872180085,neg
174,c_174,http://nlp_microbe.ccnu.edu.cn/entity/C13712,139,d_139,http://id.nlm.nih.gov/mesh/D011236,0.4432961111524352,neg
295,c_295,http://nlp_microbe.ccnu.edu.cn/entity/C06001,16,d_16,http://id.nlm.nih.gov/mesh/D011236,0.46635138971467577,neg
360,c_360,http://nlp_microbe.ccnu.edu.cn/entity/C01468,107,d_107,http://id.nlm.nih.gov/mesh/D011236,0.2647246032093284,neg
510,c_510,http://nlp_microbe.ccnu.edu.cn/entity/C00074,92,d_92,http://id.nlm.nih.gov/mesh/D011236,0.44275764067847906,neg
475,c_475,http://nlp_microbe.ccnu.edu.cn/entity/C00025,146,d_146,http://id.nlm.nih.gov/mesh/D011236,0.4556975107777254,neg
308,c_308,http://nlp_microbe.ccnu.edu.cn/entity/C01017,213,d_213,http://id.nlm.nih.gov/mesh/D011236,0.4166639559877367,neg
237,c_237,http://nlp_microbe.ccnu.edu.cn/entity/C01103,47,d_47,http://id.nlm.nih.gov/mesh/D011236,0.4355624992040354,neg
467,c_467,http://nlp_microbe.ccnu.edu.cn/entity/C02170,180,d_180,http://id.nlm.nih.gov/mesh/D011236,0.4446387134317164,neg
324,c_324,http://nlp_microbe.ccnu.edu.cn/entity/C11735,199,d_199,http://id.nlm.nih.gov/mesh/D011236,0.44745216099975305,neg
428,c_428,http://nlp_microbe.ccnu.edu.cn/entity/C00010,161,d_161,http://id.nlm.nih.gov/mesh/D011236,0.36488203343850284,neg
66,c_66,http://nlp_microbe.ccnu.edu.cn/entity/C00458,13,d_13,http://id.nlm.nih.gov/mesh/D011236,0.4280993923603916,neg
241,c_241,http://nlp_microbe.ccnu.edu.cn/entity/C02979,18,d_18,http://id.nlm.nih.gov/mesh/D011236,0.34092069316206464,neg
359,c_359,http://nlp_microbe.ccnu.edu.cn/entity/C02226,126,d_126,http://id.nlm.nih.gov/mesh/D011236,0.4440504605150324,neg
349,c_349,http://nlp_microbe.ccnu.edu.cn/entity/C06427,174,d_174,http://id.nlm.nih.gov/mesh/D011236,0.4600368707068919,neg
344,c_344,http://nlp_microbe.ccnu.edu.cn/entity/C00082,1,d_1,http://id.nlm.nih.gov/mesh/D011236,0.39434203082564356,neg
456,c_456,http://nlp_microbe.ccnu.edu.cn/entity/C02277,196,d_196,http://id.nlm.nih.gov/mesh/D011236,0.33370228167666144,neg
64,c_64,http://nlp_microbe.ccnu.edu.cn/entity/C05582,141,d_141,http://id.nlm.nih.gov/mesh/D011236,0.38977885379725447,neg
355,c_355,http://nlp_microbe.ccnu.edu.cn/entity/C00847,220,d_220,http://id.nlm.nih.gov/mesh/D011236,0.37270927777959223,neg
206,c_206,http://nlp_microbe.ccnu.edu.cn/entity/C00213,228,d_228,http://id.nlm.nih.gov/mesh/D011236,0.39608811244063635,neg
45,c_45,http://nlp_microbe.ccnu.edu.cn/entity/C05580,185,d_185,http://id.nlm.nih.gov/mesh/D011236,0.36339222399308035,neg
248,c_248,http://nlp_microbe.ccnu.edu.cn/entity/C05139,164,d_164,http://id.nlm.nih.gov/mesh/D011236,0.43293068071231383,neg
491,c_491,http://nlp_microbe.ccnu.edu.cn/entity/C05593,114,d_114,http://id.nlm.nih.gov/mesh/D011236,0.47497103110335803,neg
39,c_39,http://nlp_microbe.ccnu.edu.cn/entity/C00417,11,d_11,http://id.nlm.nih.gov/mesh/D011236,0.44431980520257186,neg
432,c_432,http://nlp_microbe.ccnu.edu.cn/entity/C08323,219,d_219,http://id.nlm.nih.gov/mesh/D011236,0.44285919435412396,neg
224,c_224,http://nlp_microbe.ccnu.edu.cn/entity/C02356,31,d_31,http://id.nlm.nih.gov/mesh/D011236,0.44357826521788013,neg
49,c_49,http://nlp_microbe.ccnu.edu.cn/entity/C05635,0,d_0,http://id.nlm.nih.gov/mesh/D011236,0.41896290728914104,neg
387,c_387,http://nlp_microbe.ccnu.edu.cn/entity/C00152,53,d_53,http://id.nlm.nih.gov/mesh/D011236,0.44164922013869545,neg
12,c_12,http://nlp_microbe.ccnu.edu.cn/entity/C05472,93,d_93,http://id.nlm.nih.gov/mesh/D011236,0.3995873999460035,neg
278,c_278,http://nlp_microbe.ccnu.edu.cn/entity/C00280,50,d_50,http://id.nlm.nih.gov/mesh/D011236,0.41356192344116594,neg
49,c_49,http://nlp_microbe.ccnu.edu.cn/entity/C05635,150,d_150,http://id.nlm.nih.gov/mesh/D011236,0.42029948238462966,neg
209,c_209,http://nlp_microbe.ccnu.edu.cn/entity/C02336,49,d_49,http://id.nlm.nih.gov/mesh/D011236,0.4068672405405179,neg
331,c_331,http://nlp_microbe.ccnu.edu.cn/entity/C03415,217,d_217,http://id.nlm.nih.gov/mesh/D011236,0.44307164455220627,neg
14,c_14,http://nlp_microbe.ccnu.edu.cn/entity/C14769,54,d_54,http://id.nlm.nih.gov/mesh/D011236,0.42799491681785284,neg
155,c_155,http://nlp_microbe.ccnu.edu.cn/entity/C05282,51,d_51,http://id.nlm.nih.gov/mesh/D011236,0.4439007190225661,neg
50,c_50,http://nlp_microbe.ccnu.edu.cn/entity/C00284,159,d_159,http://id.nlm.nih.gov/mesh/D011236,0.4622175636139322,neg
310,c_310,http://nlp_microbe.ccnu.edu.cn/entity/C06153,152,d_152,http://id.nlm.nih.gov/mesh/D011236,0.45544203344255496,neg
114,c_114,http://nlp_microbe.ccnu.edu.cn/entity/C00570,62,d_62,http://id.nlm.nih.gov/mesh/D011236,0.30978446524700815,neg
508,c_508,http://nlp_microbe.ccnu.edu.cn/entity/C00097,203,d_203,http://id.nlm.nih.gov/mesh/D011236,0.43764291061838395,neg
14,c_14,http://nlp_microbe.ccnu.edu.cn/entity/C14769,130,d_130,http://id.nlm.nih.gov/mesh/D011236,0.40194553302650154,neg
245,c_245,http://nlp_microbe.ccnu.edu.cn/entity/C00788,160,d_160,http://id.nlm.nih.gov/mesh/D011236,0.43066500287419024,neg
61,c_61,http://nlp_microbe.ccnu.edu.cn/entity/C07635,156,d_156,http://id.nlm.nih.gov/mesh/D011236,0.45104874218850416,neg
504,c_504,http://nlp_microbe.ccnu.edu.cn/entity/C00198,110,d_110,http://id.nlm.nih.gov/mesh/D011236,0.45293890813037957,neg
315,c_315,http://nlp_microbe.ccnu.edu.cn/entity/C00300,37,d_37,http://id.nlm.nih.gov/mesh/D011236,0.39546524698114804,neg
142,c_142,http://nlp_microbe.ccnu.edu.cn/entity/C12270,52,d_52,http://id.nlm.nih.gov/mesh/D011236,0.41855881479163326,neg
362,c_362,http://nlp_microbe.ccnu.edu.cn/entity/C12323,11,d_11,http://id.nlm.nih.gov/mesh/D011236,0.4728701045301816,neg
38,c_38,http://nlp_microbe.ccnu.edu.cn/entity/D00384,183,d_183,http://id.nlm.nih.gov/mesh/D011236,0.42975662438064127,neg
323,c_323,http://nlp_microbe.ccnu.edu.cn/entity/C00794,18,d_18,http://id.nlm.nih.gov/mesh/D011236,0.34202169947031963,neg
363,c_363,http://nlp_microbe.ccnu.edu.cn/entity/C00584,118,d_118,http://id.nlm.nih.gov/mesh/D011236,0.42503248195731264,neg
345,c_345,http://nlp_microbe.ccnu.edu.cn/entity/C01606,12,d_12,http://id.nlm.nih.gov/mesh/D011236,0.4365248347617288,neg
213,c_213,http://nlp_microbe.ccnu.edu.cn/entity/C00345,29,d_29,http://id.nlm.nih.gov/mesh/D011236,0.3330550108741009,neg
76,c_76,http://nlp_microbe.ccnu.edu.cn/entity/C03990,206,d_206,http://id.nlm.nih.gov/mesh/D011236,0.40786153054537955,neg
379,c_379,http://nlp_microbe.ccnu.edu.cn/entity/C02993,146,d_146,http://id.nlm.nih.gov/mesh/D011236,0.4671477390324338,neg
199,c_199,http://nlp_microbe.ccnu.edu.cn/entity/C06125,174,d_174,http://id.nlm.nih.gov/mesh/D011236,0.4597224448777485,neg
32,c_32,http://nlp_microbe.ccnu.edu.cn/entity/C00350,16,d_16,http://id.nlm.nih.gov/mesh/D011236,0.4666179418945394,neg
398,c_398,http://nlp_microbe.ccnu.edu.cn/entity/C00984,153,d_153,http://id.nlm.nih.gov/mesh/D011236,0.4740143455046305,neg
279,c_279,http://nlp_microbe.ccnu.edu.cn/entity/C05464,37,d_37,http://id.nlm.nih.gov/mesh/D011236,0.44288652664610956,neg
231,c_231,http://nlp_microbe.ccnu.edu.cn/entity/C00407,213,d_213,http://id.nlm.nih.gov/mesh/D011236,0.4182000926455849,neg
103,c_103,http://nlp_microbe.ccnu.edu.cn/entity/C00299,49,d_49,http://id.nlm.nih.gov/mesh/D011236,0.4427422914965847,neg
314,c_314,http://nlp_microbe.ccnu.edu.cn/entity/C00058,196,d_196,http://id.nlm.nih.gov/mesh/D011236,0.3816385293102892,neg
62,c_62,http://nlp_microbe.ccnu.edu.cn/entity/C01384,101,d_101,http://id.nlm.nih.gov/mesh/D011236,0.44827987878621584,neg
185,c_185,http://nlp_microbe.ccnu.edu.cn/entity/C00236,87,d_87,http://id.nlm.nih.gov/mesh/D011236,0.43406707490704693,neg
4,c_4,http://nlp_microbe.ccnu.edu.cn/entity/C02656,107,d_107,http://id.nlm.nih.gov/mesh/D011236,0.3444412193497587,neg
454,c_454,http://nlp_microbe.ccnu.edu.cn/entity/C00009,94,d_94,http://id.nlm.nih.gov/mesh/D011236,0.47497103110335803,neg
45,c_45,http://nlp_microbe.ccnu.edu.cn/entity/C05580,90,d_90,http://id.nlm.nih.gov/mesh/D011236,0.24113687287576493,neg
479,c_479,http://nlp_microbe.ccnu.edu.cn/entity/C04548,39,d_39,http://id.nlm.nih.gov/mesh/D011236,0.4445375813664534,neg
357,c_357,http://nlp_microbe.ccnu.edu.cn/entity/C00628,205,d_205,http://id.nlm.nih.gov/mesh/D011236,0.4538682611745635,neg
147,c_147,http://nlp_microbe.ccnu.edu.cn/entity/C00780,128,d_128,http://id.nlm.nih.gov/mesh/D011236,0.45619325678913847,neg
180,c_180,http://nlp_microbe.ccnu.edu.cn/entity/C00013,44,d_44,http://id.nlm.nih.gov/mesh/D011236,0.44280813750084225,neg
72,c_72,http://nlp_microbe.ccnu.edu.cn/entity/C01152,53,d_53,http://id.nlm.nih.gov/mesh/D011236,0.4351444905190703,neg
74,c_74,http://nlp_microbe.ccnu.edu.cn/entity/C00504,112,d_112,http://id.nlm.nih.gov/mesh/D011236,0.4179886129210102,neg
141,c_141,http://nlp_microbe.ccnu.edu.cn/entity/C00072,120,d_120,http://id.nlm.nih.gov/mesh/D011236,0.45073786594119114,neg
50,c_50,http://nlp_microbe.ccnu.edu.cn/entity/C00284,0,d_0,http://id.nlm.nih.gov/mesh/D011236,0.4189699590378141,neg
93,c_93,http://nlp_microbe.ccnu.edu.cn/entity/C01724,214,d_214,http://id.nlm.nih.gov/mesh/D011236,0.4341027359630931,neg
12,c_12,http://nlp_microbe.ccnu.edu.cn/entity/C05472,105,d_105,http://id.nlm.nih.gov/mesh/D011236,0.25540803902718245,neg
234,c_234,http://nlp_microbe.ccnu.edu.cn/entity/C00661,194,d_194,http://id.nlm.nih.gov/mesh/D011236,0.45638434906361836,neg
364,c_364,http://nlp_microbe.ccnu.edu.cn/entity/C00181,210,d_210,http://id.nlm.nih.gov/mesh/D011236,0.4680012563046689,neg
320,c_320,http://nlp_microbe.ccnu.edu.cn/entity/C00307,93,d_93,http://id.nlm.nih.gov/mesh/D011236,0.4251969059491985,neg
61,c_61,http://nlp_microbe.ccnu.edu.cn/entity/C07635,208,d_208,http://id.nlm.nih.gov/mesh/D011236,0.4431289035220231,neg
210,c_210,http://nlp_microbe.ccnu.edu.cn/entity/C00597,214,d_214,http://id.nlm.nih.gov/mesh/D011236,0.452785073450331,neg
148,c_148,http://nlp_microbe.ccnu.edu.cn/entity/C01678,11,d_11,http://id.nlm.nih.gov/mesh/D011236,0.4728701045301816,neg
6,c_6,http://nlp_microbe.ccnu.edu.cn/entity/C07272,237,d_237,http://id.nlm.nih.gov/mesh/D011236,0.4115656481036471,neg
397,c_397,http://nlp_microbe.ccnu.edu.cn/entity/C06454,186,d_186,http://id.nlm.nih.gov/mesh/D011236,0.4429810231538183,neg
368,c_368,http://nlp_microbe.ccnu.edu.cn/entity/C00258,238,d_238,http://id.nlm.nih.gov/mesh/D011236,0.3518231933904923,neg
189,c_189,http://nlp_microbe.ccnu.edu.cn/entity/C05122,50,d_50,http://id.nlm.nih.gov/mesh/D011236,0.4065884047199396,neg
297,c_297,http://nlp_microbe.ccnu.edu.cn/entity/C05463,58,d_58,http://id.nlm.nih.gov/mesh/D011236,0.3834654282042317,neg
356,c_356,http://nlp_microbe.ccnu.edu.cn/entity/C03017,166,d_166,http://id.nlm.nih.gov/mesh/D011236,0.453058153269813,neg
467,c_467,http://nlp_microbe.ccnu.edu.cn/entity/C02170,191,d_191,http://id.nlm.nih.gov/mesh/D011236,0.42600627268144536,neg
135,c_135,http://nlp_microbe.ccnu.edu.cn/entity/C00637,114,d_114,http://id.nlm.nih.gov/mesh/D011236,0.474765253182746,neg
386,c_386,http://nlp_microbe.ccnu.edu.cn/entity/C01595,182,d_182,http://id.nlm.nih.gov/mesh/D011236,0.45532418728772067,neg
249,c_249,http://nlp_microbe.ccnu.edu.cn/entity/C01227,136,d_136,http://id.nlm.nih.gov/mesh/D011236,0.43288474816999173,neg
352,c_352,http://nlp_microbe.ccnu.edu.cn/entity/C04295,173,d_173,http://id.nlm.nih.gov/mesh/D011236,0.4433756322294424,neg
34,c_34,http://nlp_microbe.ccnu.edu.cn/entity/C00380,199,d_199,http://id.nlm.nih.gov/mesh/D011236,0.4545682296214362,neg
292,c_292,http://nlp_microbe.ccnu.edu.cn/entity/C00033,89,d_89,http://id.nlm.nih.gov/mesh/D011236,0.43881451185945247,neg
204,c_204,http://nlp_microbe.ccnu.edu.cn/entity/C13624,167,d_167,http://id.nlm.nih.gov/mesh/D011236,0.4569379904204093,neg
449,c_449,http://nlp_microbe.ccnu.edu.cn/entity/C00355,54,d_54,http://id.nlm.nih.gov/mesh/D011236,0.4433909049920438,neg
12,c_12,http://nlp_microbe.ccnu.edu.cn/entity/C05472,56,d_56,http://id.nlm.nih.gov/mesh/D011236,0.44810765379009654,neg
414,c_414,http://nlp_microbe.ccnu.edu.cn/entity/C11142,93,d_93,http://id.nlm.nih.gov/mesh/D011236,0.36844960588811826,neg
215,c_215,http://nlp_microbe.ccnu.edu.cn/entity/C00031,68,d_68,http://id.nlm.nih.gov/mesh/D011236,0.4039691188007055,neg
269,c_269,http://nlp_microbe.ccnu.edu.cn/entity/C02632,137,d_137,http://id.nlm.nih.gov/mesh/D011236,0.3009851215975129,neg
15,c_15,http://nlp_microbe.ccnu.edu.cn/entity/C00016,216,d_216,http://id.nlm.nih.gov/mesh/D011236,0.4714686202666761,neg
183,c_183,http://nlp_microbe.ccnu.edu.cn/entity/C02538,122,d_122,http://id.nlm.nih.gov/mesh/D011236,0.3019705219165784,neg
286,c_286,http://nlp_microbe.ccnu.edu.cn/entity/C00410,64,d_64,http://id.nlm.nih.gov/mesh/D011236,0.3335158408094866,neg
393,c_393,http://nlp_microbe.ccnu.edu.cn/entity/C08261,163,d_163,http://id.nlm.nih.gov/mesh/D011236,0.39625744065218493,neg
248,c_248,http://nlp_microbe.ccnu.edu.cn/entity/C05139,30,d_30,http://id.nlm.nih.gov/mesh/D011236,0.3040774952649993,neg
284,c_284,http://nlp_microbe.ccnu.edu.cn/entity/C06424,17,d_17,http://id.nlm.nih.gov/mesh/D011236,0.4012964283102183,neg
115,c_115,http://nlp_microbe.ccnu.edu.cn/entity/C05584,68,d_68,http://id.nlm.nih.gov/mesh/D011236,0.42184442498237057,neg
244,c_244,http://nlp_microbe.ccnu.edu.cn/entity/C08356,142,d_142,http://id.nlm.nih.gov/mesh/D011236,0.47507396413200353,neg
50,c_50,http://nlp_microbe.ccnu.edu.cn/entity/C00284,87,d_87,http://id.nlm.nih.gov/mesh/D011236,0.45080701592220757,neg
351,c_351,http://nlp_microbe.ccnu.edu.cn/entity/C00493,42,d_42,http://id.nlm.nih.gov/mesh/D011236,0.3919639091939358,neg
331,c_331,http://nlp_microbe.ccnu.edu.cn/entity/C03415,237,d_237,http://id.nlm.nih.gov/mesh/D011236,0.4284024653109738,neg
41,c_41,http://nlp_microbe.ccnu.edu.cn/entity/C03406,226,d_226,http://id.nlm.nih.gov/mesh/D011236,0.3513543829532278,neg
76,c_76,http://nlp_microbe.ccnu.edu.cn/entity/C03990,20,d_20,http://id.nlm.nih.gov/mesh/D011236,0.4641783710474416,neg
156,c_156,http://nlp_microbe.ccnu.edu.cn/entity/C00472,18,d_18,http://id.nlm.nih.gov/mesh/D011236,0.27882021916590355,neg
165,c_165,http://nlp_microbe.ccnu.edu.cn/entity/C05984,17,d_17,http://id.nlm.nih.gov/mesh/D011236,0.36495267586196734,neg
358,c_358,http://nlp_microbe.ccnu.edu.cn/entity/C00294,111,d_111,http://id.nlm.nih.gov/mesh/D011236,0.47560225180360394,neg
343,c_343,http://nlp_microbe.ccnu.edu.cn/entity/C00857,161,d_161,http://id.nlm.nih.gov/mesh/D011236,0.3964053585109341,neg
88,c_88,http://nlp_microbe.ccnu.edu.cn/entity/C05587,205,d_205,http://id.nlm.nih.gov/mesh/D011236,0.4542247113977693,neg
314,c_314,http://nlp_microbe.ccnu.edu.cn/entity/C00058,64,d_64,http://id.nlm.nih.gov/mesh/D011236,0.3753027169477072,neg
140,c_140,http://nlp_microbe.ccnu.edu.cn/entity/C00188,70,d_70,http://id.nlm.nih.gov/mesh/D011236,0.31267796828108113,neg
165,c_165,http://nlp_microbe.ccnu.edu.cn/entity/C05984,226,d_226,http://id.nlm.nih.gov/mesh/D011236,0.3581975982469526,neg
138,c_138,http://nlp_microbe.ccnu.edu.cn/entity/C01419,216,d_216,http://id.nlm.nih.gov/mesh/D011236,0.4714686202666761,neg
369,c_369,http://nlp_microbe.ccnu.edu.cn/entity/C00956,83,d_83,http://id.nlm.nih.gov/mesh/D011236,0.4248582069933865,neg
99,c_99,http://nlp_microbe.ccnu.edu.cn/entity/C00092,103,d_103,http://id.nlm.nih.gov/mesh/D011236,0.4559351764535698,neg
20,c_20,http://nlp_microbe.ccnu.edu.cn/entity/C00068,58,d_58,http://id.nlm.nih.gov/mesh/D011236,0.38262035605803213,neg
239,c_239,http://nlp_microbe.ccnu.edu.cn/entity/C00221,70,d_70,http://id.nlm.nih.gov/mesh/D011236,0.3531514892797535,neg
