102,d_102,http://id.nlm.nih.gov/mesh/D011236,311,c_311,http://nlp_microbe.ccnu.edu.cn/entity/C00387,9.510397812406831e-27,pos
102,d_102,http://id.nlm.nih.gov/mesh/D011236,402,c_402,http://nlp_microbe.ccnu.edu.cn/entity/C01235,4.6694619398181115e-27,pos
102,d_102,http://id.nlm.nih.gov/mesh/D011236,262,c_262,http://nlp_microbe.ccnu.edu.cn/entity/C05378,9.510397812406831e-27,pos
102,d_102,http://id.nlm.nih.gov/mesh/D011236,331,c_331,http://nlp_microbe.ccnu.edu.cn/entity/C03415,9.510397812406831e-27,pos
102,d_102,http://id.nlm.nih.gov/mesh/D011236,444,c_444,http://nlp_microbe.ccnu.edu.cn/entity/C16526,9.510397812406831e-27,pos
102,d_102,http://id.nlm.nih.gov/mesh/D011236,69,c_69,http://nlp_microbe.ccnu.edu.cn/entity/C05589,9.510397812406831e-27,pos
102,d_102,http://id.nlm.nih.gov/mesh/D011236,197,c_197,http://nlp_microbe.ccnu.edu.cn/entity/C00438,4.6694619398181115e-27,pos
102,d_102,http://id.nlm.nih.gov/mesh/D011236,22,c_22,http://nlp_microbe.ccnu.edu.cn/entity/C00318,9.510397812406831e-27,pos
102,d_102,http://id.nlm.nih.gov/mesh/D011236,175,c_175,http://nlp_microbe.ccnu.edu.cn/entity/C01672,9.510397812406831e-27,pos
102,d_102,http://id.nlm.nih.gov/mesh/D011236,144,c_144,http://nlp_microbe.ccnu.edu.cn/entity/C00117,9.510397812406831e-27,pos
102,d_102,http://id.nlm.nih.gov/mesh/D011236,465,c_465,http://nlp_microbe.ccnu.edu.cn/entity/C02494,9.510397812406831e-27,pos
102,d_102,http://id.nlm.nih.gov/mesh/D011236,284,c_284,http://nlp_microbe.ccnu.edu.cn/entity/C06424,9.510397812406831e-27,pos
102,d_102,http://id.nlm.nih.gov/mesh/D011236,249,c_249,http://nlp_microbe.ccnu.edu.cn/entity/C01227,9.510397812406831e-27,pos
102,d_102,http://id.nlm.nih.gov/mesh/D011236,389,c_389,http://nlp_microbe.ccnu.edu.cn/entity/C00392,4.6694619398181115e-27,pos
102,d_102,http://id.nlm.nih.gov/mesh/D011236,383,c_383,http://nlp_microbe.ccnu.edu.cn/entity/C00576,9.510397812406831e-27,pos
102,d_102,http://id.nlm.nih.gov/mesh/D011236,477,c_477,http://nlp_microbe.ccnu.edu.cn/entity/C12525,9.510397812406831e-27,pos
102,d_102,http://id.nlm.nih.gov/mesh/D011236,50,c_50,http://nlp_microbe.ccnu.edu.cn/entity/C00284,9.510397812406831e-27,pos
102,d_102,http://id.nlm.nih.gov/mesh/D011236,122,c_122,http://nlp_microbe.ccnu.edu.cn/entity/C00086,9.510397812406831e-27,pos
102,d_102,http://id.nlm.nih.gov/mesh/D011236,275,c_275,http://nlp_microbe.ccnu.edu.cn/entity/C00383,9.510397812406831e-27,pos
102,d_102,http://id.nlm.nih.gov/mesh/D011236,121,c_121,http://nlp_microbe.ccnu.edu.cn/entity/C00003,4.6694619398181115e-27,pos
102,d_102,http://id.nlm.nih.gov/mesh/D011236,154,c_154,http://nlp_microbe.ccnu.edu.cn/entity/C00360,9.510397812406831e-27,pos
102,d_102,http://id.nlm.nih.gov/mesh/D011236,169,c_169,http://nlp_microbe.ccnu.edu.cn/entity/C01059,9.510397812406831e-27,pos
102,d_102,http://id.nlm.nih.gov/mesh/D011236,25,c_25,http://nlp_microbe.ccnu.edu.cn/entity/C00049,4.6694619398181115e-27,pos
102,d_102,http://id.nlm.nih.gov/mesh/D011236,511,c_511,http://nlp_microbe.ccnu.edu.cn/entity/C01013,4.6694619398181115e-27,pos
102,d_102,http://id.nlm.nih.gov/mesh/D011236,17,c_17,http://nlp_microbe.ccnu.edu.cn/entity/C00109,9.510397812406831e-27,pos
102,d_102,http://id.nlm.nih.gov/mesh/D011236,267,c_267,http://nlp_microbe.ccnu.edu.cn/entity/C00431,9.510397812406831e-27,pos
102,d_102,http://id.nlm.nih.gov/mesh/D011236,200,c_200,http://nlp_microbe.ccnu.edu.cn/entity/C00105,4.6694619398181115e-27,pos
102,d_102,http://id.nlm.nih.gov/mesh/D011236,342,c_342,http://nlp_microbe.ccnu.edu.cn/entity/C00051,9.510397812406831e-27,pos
102,d_102,http://id.nlm.nih.gov/mesh/D011236,374,c_374,http://nlp_microbe.ccnu.edu.cn/entity/C10906,9.510397812406831e-27,pos
102,d_102,http://id.nlm.nih.gov/mesh/D011236,207,c_207,http://nlp_microbe.ccnu.edu.cn/entity/C00029,9.510397812406831e-27,pos
102,d_102,http://id.nlm.nih.gov/mesh/D011236,37,c_37,http://nlp_microbe.ccnu.edu.cn/entity/C01073,9.510397812406831e-27,pos
102,d_102,http://id.nlm.nih.gov/mesh/D011236,429,c_429,http://nlp_microbe.ccnu.edu.cn/entity/C00199,9.510397812406831e-27,pos
102,d_102,http://id.nlm.nih.gov/mesh/D011236,168,c_168,http://nlp_microbe.ccnu.edu.cn/entity/C05789,9.510397812406831e-27,pos
102,d_102,http://id.nlm.nih.gov/mesh/D011236,391,c_391,http://nlp_microbe.ccnu.edu.cn/entity/C01120,4.6694619398181115e-27,pos
102,d_102,http://id.nlm.nih.gov/mesh/D011236,430,c_430,http://nlp_microbe.ccnu.edu.cn/entity/C00127,9.510397812406831e-27,pos
102,d_102,http://id.nlm.nih.gov/mesh/D011236,437,c_437,http://nlp_microbe.ccnu.edu.cn/entity/C05852,9.510397812406831e-27,pos
102,d_102,http://id.nlm.nih.gov/mesh/D011236,27,c_27,http://nlp_microbe.ccnu.edu.cn/entity/C00543,4.6694619398181115e-27,pos
102,d_102,http://id.nlm.nih.gov/mesh/D011236,215,c_215,http://nlp_microbe.ccnu.edu.cn/entity/C00031,9.510397812406831e-27,pos
102,d_102,http://id.nlm.nih.gov/mesh/D011236,107,c_107,http://nlp_microbe.ccnu.edu.cn/entity/C02565,9.510397812406831e-27,pos
102,d_102,http://id.nlm.nih.gov/mesh/D011236,462,c_462,http://nlp_microbe.ccnu.edu.cn/entity/C13861,4.6694619398181115e-27,pos
102,d_102,http://id.nlm.nih.gov/mesh/D011236,509,c_509,http://nlp_microbe.ccnu.edu.cn/entity/C00048,9.510397812406831e-27,pos
102,d_102,http://id.nlm.nih.gov/mesh/D011236,481,c_481,http://nlp_microbe.ccnu.edu.cn/entity/C02679,9.510397812406831e-27,pos
102,d_102,http://id.nlm.nih.gov/mesh/D011236,439,c_439,http://nlp_microbe.ccnu.edu.cn/entity/C01585,9.510397812406831e-27,pos
102,d_102,http://id.nlm.nih.gov/mesh/D011236,110,c_110,http://nlp_microbe.ccnu.edu.cn/entity/C03969,4.6694619398181115e-27,pos
102,d_102,http://id.nlm.nih.gov/mesh/D011236,294,c_294,http://nlp_microbe.ccnu.edu.cn/entity/C00026,9.510397812406831e-27,pos
102,d_102,http://id.nlm.nih.gov/mesh/D011236,446,c_446,http://nlp_microbe.ccnu.edu.cn/entity/C01685,9.510397812406831e-27,pos
102,d_102,http://id.nlm.nih.gov/mesh/D011236,279,c_279,http://nlp_microbe.ccnu.edu.cn/entity/C05464,9.510397812406831e-27,pos
102,d_102,http://id.nlm.nih.gov/mesh/D011236,156,c_156,http://nlp_microbe.ccnu.edu.cn/entity/C00472,4.6694619398181115e-27,pos
102,d_102,http://id.nlm.nih.gov/mesh/D011236,216,c_216,http://nlp_microbe.ccnu.edu.cn/entity/C19911,9.510397812406831e-27,pos
102,d_102,http://id.nlm.nih.gov/mesh/D011236,367,c_367,http://nlp_microbe.ccnu.edu.cn/entity/C00547,9.510397812406831e-27,pos
102,d_102,http://id.nlm.nih.gov/mesh/D011236,435,c_435,http://nlp_microbe.ccnu.edu.cn/entity/C02918,9.510397812406831e-27,pos
102,d_102,http://id.nlm.nih.gov/mesh/D011236,170,c_170,http://nlp_microbe.ccnu.edu.cn/entity/C01959,4.6694619398181115e-27,pos
102,d_102,http://id.nlm.nih.gov/mesh/D011236,22,c_22,http://nlp_microbe.ccnu.edu.cn/entity/C00318,9.510397812406831e-27,pos
102,d_102,http://id.nlm.nih.gov/mesh/D011236,235,c_235,http://nlp_microbe.ccnu.edu.cn/entity/C00055,4.6694619398181115e-27,pos
102,d_102,http://id.nlm.nih.gov/mesh/D011236,393,c_393,http://nlp_microbe.ccnu.edu.cn/entity/C08261,9.510397812406831e-27,pos
102,d_102,http://id.nlm.nih.gov/mesh/D011236,245,c_245,http://nlp_microbe.ccnu.edu.cn/entity/C00788,4.6694619398181115e-27,pos
102,d_102,http://id.nlm.nih.gov/mesh/D011236,417,c_417,http://nlp_microbe.ccnu.edu.cn/entity/C00352,9.510397812406831e-27,pos
102,d_102,http://id.nlm.nih.gov/mesh/D011236,187,c_187,http://nlp_microbe.ccnu.edu.cn/entity/C01904,9.510397812406831e-27,pos
102,d_102,http://id.nlm.nih.gov/mesh/D011236,442,c_442,http://nlp_microbe.ccnu.edu.cn/entity/C00044,4.6694619398181115e-27,pos
102,d_102,http://id.nlm.nih.gov/mesh/D011236,210,c_210,http://nlp_microbe.ccnu.edu.cn/entity/C00597,9.510397812406831e-27,pos
102,d_102,http://id.nlm.nih.gov/mesh/D011236,160,c_160,http://nlp_microbe.ccnu.edu.cn/entity/C00295,9.510397812406831e-27,pos
102,d_102,http://id.nlm.nih.gov/mesh/D011236,306,c_306,http://nlp_microbe.ccnu.edu.cn/entity/C03626,9.510397812406831e-27,pos
102,d_102,http://id.nlm.nih.gov/mesh/D011236,314,c_314,http://nlp_microbe.ccnu.edu.cn/entity/C00058,9.510397812406831e-27,pos
102,d_102,http://id.nlm.nih.gov/mesh/D011236,487,c_487,http://nlp_microbe.ccnu.edu.cn/entity/C06104,4.6694619398181115e-27,pos
102,d_102,http://id.nlm.nih.gov/mesh/D011236,89,c_89,http://nlp_microbe.ccnu.edu.cn/entity/C00785,4.6694619398181115e-27,pos
102,d_102,http://id.nlm.nih.gov/mesh/D011236,150,c_150,http://nlp_microbe.ccnu.edu.cn/entity/C04256,4.6694619398181115e-27,pos
102,d_102,http://id.nlm.nih.gov/mesh/D011236,247,c_247,http://nlp_microbe.ccnu.edu.cn/entity/C01620,9.510397812406831e-27,pos
102,d_102,http://id.nlm.nih.gov/mesh/D011236,291,c_291,http://nlp_microbe.ccnu.edu.cn/entity/C00214,9.510397812406831e-27,pos
102,d_102,http://id.nlm.nih.gov/mesh/D011236,468,c_468,http://nlp_microbe.ccnu.edu.cn/entity/C00182,9.510397812406831e-27,pos
102,d_102,http://id.nlm.nih.gov/mesh/D011236,193,c_193,http://nlp_microbe.ccnu.edu.cn/entity/C00588,9.510397812406831e-27,pos
102,d_102,http://id.nlm.nih.gov/mesh/D011236,139,c_139,http://nlp_microbe.ccnu.edu.cn/entity/C00036,9.510397812406831e-27,pos
102,d_102,http://id.nlm.nih.gov/mesh/D011236,40,c_40,http://nlp_microbe.ccnu.edu.cn/entity/C00042,9.510397812406831e-27,pos
102,d_102,http://id.nlm.nih.gov/mesh/D011236,467,c_467,http://nlp_microbe.ccnu.edu.cn/entity/C02170,4.6694619398181115e-27,pos
102,d_102,http://id.nlm.nih.gov/mesh/D011236,297,c_297,http://nlp_microbe.ccnu.edu.cn/entity/C05463,4.6694619398181115e-27,pos
102,d_102,http://id.nlm.nih.gov/mesh/D011236,239,c_239,http://nlp_microbe.ccnu.edu.cn/entity/C00221,4.6694619398181115e-27,pos
102,d_102,http://id.nlm.nih.gov/mesh/D011236,494,c_494,http://nlp_microbe.ccnu.edu.cn/entity/C03195,4.6694619398181115e-27,pos
102,d_102,http://id.nlm.nih.gov/mesh/D011236,336,c_336,http://nlp_microbe.ccnu.edu.cn/entity/C00882,4.6694619398181115e-27,pos
102,d_102,http://id.nlm.nih.gov/mesh/D011236,506,c_506,http://nlp_microbe.ccnu.edu.cn/entity/C10172,9.510397812406831e-27,pos
102,d_102,http://id.nlm.nih.gov/mesh/D011236,162,c_162,http://nlp_microbe.ccnu.edu.cn/entity/C19837,4.6694619398181115e-27,pos
102,d_102,http://id.nlm.nih.gov/mesh/D011236,153,c_153,http://nlp_microbe.ccnu.edu.cn/entity/C05200,4.6694619398181115e-27,pos
102,d_102,http://id.nlm.nih.gov/mesh/D011236,273,c_273,http://nlp_microbe.ccnu.edu.cn/entity/C01546,9.510397812406831e-27,pos
102,d_102,http://id.nlm.nih.gov/mesh/D011236,457,c_457,http://nlp_microbe.ccnu.edu.cn/entity/C03343,4.6694619398181115e-27,pos
102,d_102,http://id.nlm.nih.gov/mesh/D011236,407,c_407,http://nlp_microbe.ccnu.edu.cn/entity/C00532,9.510397812406831e-27,pos
102,d_102,http://id.nlm.nih.gov/mesh/D011236,163,c_163,http://nlp_microbe.ccnu.edu.cn/entity/C02710,4.6694619398181115e-27,pos
102,d_102,http://id.nlm.nih.gov/mesh/D011236,445,c_445,http://nlp_microbe.ccnu.edu.cn/entity/C00114,9.510397812406831e-27,pos
102,d_102,http://id.nlm.nih.gov/mesh/D011236,437,c_437,http://nlp_microbe.ccnu.edu.cn/entity/C05852,9.510397812406831e-27,pos
102,d_102,http://id.nlm.nih.gov/mesh/D011236,43,c_43,http://nlp_microbe.ccnu.edu.cn/entity/C06429,9.510397812406831e-27,pos
102,d_102,http://id.nlm.nih.gov/mesh/D011236,250,c_250,http://nlp_microbe.ccnu.edu.cn/entity/C02291,4.6694619398181115e-27,pos
102,d_102,http://id.nlm.nih.gov/mesh/D011236,107,c_107,http://nlp_microbe.ccnu.edu.cn/entity/C02565,9.510397812406831e-27,pos
102,d_102,http://id.nlm.nih.gov/mesh/D011236,509,c_509,http://nlp_microbe.ccnu.edu.cn/entity/C00048,9.510397812406831e-27,pos
102,d_102,http://id.nlm.nih.gov/mesh/D011236,419,c_419,http://nlp_microbe.ccnu.edu.cn/entity/C05660,4.6694619398181115e-27,pos
102,d_102,http://id.nlm.nih.gov/mesh/D011236,188,c_188,http://nlp_microbe.ccnu.edu.cn/entity/C00712,4.6694619398181115e-27,pos
102,d_102,http://id.nlm.nih.gov/mesh/D011236,443,c_443,http://nlp_microbe.ccnu.edu.cn/entity/C00378,9.510397812406831e-27,pos
102,d_102,http://id.nlm.nih.gov/mesh/D011236,409,c_409,http://nlp_microbe.ccnu.edu.cn/entity/C00164,4.6694619398181115e-27,pos
102,d_102,http://id.nlm.nih.gov/mesh/D011236,208,c_208,http://nlp_microbe.ccnu.edu.cn/entity/C05793,9.510397812406831e-27,pos
102,d_102,http://id.nlm.nih.gov/mesh/D011236,74,c_74,http://nlp_microbe.ccnu.edu.cn/entity/C00504,9.510397812406831e-27,pos
102,d_102,http://id.nlm.nih.gov/mesh/D011236,233,c_233,http://nlp_microbe.ccnu.edu.cn/entity/C06576,9.510397812406831e-27,pos
102,d_102,http://id.nlm.nih.gov/mesh/D011236,371,c_371,http://nlp_microbe.ccnu.edu.cn/entity/C14152,4.6694619398181115e-27,pos
102,d_102,http://id.nlm.nih.gov/mesh/D011236,295,c_295,http://nlp_microbe.ccnu.edu.cn/entity/C06001,9.510397812406831e-27,pos
102,d_102,http://id.nlm.nih.gov/mesh/D011236,432,c_432,http://nlp_microbe.ccnu.edu.cn/entity/C08323,9.510397812406831e-27,pos
102,d_102,http://id.nlm.nih.gov/mesh/D011236,28,c_28,http://nlp_microbe.ccnu.edu.cn/entity/C02528,9.510397812406831e-27,pos
102,d_102,http://id.nlm.nih.gov/mesh/D011236,9,c_9,http://nlp_microbe.ccnu.edu.cn/entity/C00253,9.510397812406831e-27,pos
102,d_102,http://id.nlm.nih.gov/mesh/D011236,275,c_275,http://nlp_microbe.ccnu.edu.cn/entity/C00383,9.510397812406831e-27,pos
102,d_102,http://id.nlm.nih.gov/mesh/D011236,438,c_438,http://nlp_microbe.ccnu.edu.cn/entity/C00507,9.510397812406831e-27,pos
102,d_102,http://id.nlm.nih.gov/mesh/D011236,364,c_364,http://nlp_microbe.ccnu.edu.cn/entity/C00181,9.510397812406831e-27,pos
102,d_102,http://id.nlm.nih.gov/mesh/D011236,149,c_149,http://nlp_microbe.ccnu.edu.cn/entity/C00954,4.6694619398181115e-27,pos
102,d_102,http://id.nlm.nih.gov/mesh/D011236,54,c_54,http://nlp_microbe.ccnu.edu.cn/entity/C15587,9.510397812406831e-27,pos
102,d_102,http://id.nlm.nih.gov/mesh/D011236,98,c_98,http://nlp_microbe.ccnu.edu.cn/entity/C00141,9.510397812406831e-27,pos
102,d_102,http://id.nlm.nih.gov/mesh/D011236,198,c_198,http://nlp_microbe.ccnu.edu.cn/entity/C00130,9.510397812406831e-27,pos
102,d_102,http://id.nlm.nih.gov/mesh/D011236,152,c_152,http://nlp_microbe.ccnu.edu.cn/entity/C00469,4.6694619398181115e-27,pos
102,d_102,http://id.nlm.nih.gov/mesh/D011236,17,c_17,http://nlp_microbe.ccnu.edu.cn/entity/C00109,9.510397812406831e-27,pos
102,d_102,http://id.nlm.nih.gov/mesh/D011236,229,c_229,http://nlp_microbe.ccnu.edu.cn/entity/C00108,4.6694619398181115e-27,pos
102,d_102,http://id.nlm.nih.gov/mesh/D011236,367,c_367,http://nlp_microbe.ccnu.edu.cn/entity/C00547,9.510397812406831e-27,pos
102,d_102,http://id.nlm.nih.gov/mesh/D011236,332,c_332,http://nlp_microbe.ccnu.edu.cn/entity/C00795,9.510397812406831e-27,pos
102,d_102,http://id.nlm.nih.gov/mesh/D011236,191,c_191,http://nlp_microbe.ccnu.edu.cn/entity/C15562,9.510397812406831e-27,pos
102,d_102,http://id.nlm.nih.gov/mesh/D011236,472,c_472,http://nlp_microbe.ccnu.edu.cn/entity/C04230,4.6694619398181115e-27,pos
102,d_102,http://id.nlm.nih.gov/mesh/D011236,210,c_210,http://nlp_microbe.ccnu.edu.cn/entity/C00597,9.510397812406831e-27,pos
102,d_102,http://id.nlm.nih.gov/mesh/D011236,168,c_168,http://nlp_microbe.ccnu.edu.cn/entity/C05789,9.510397812406831e-27,pos
102,d_102,http://id.nlm.nih.gov/mesh/D011236,452,c_452,http://nlp_microbe.ccnu.edu.cn/entity/C01444,9.510397812406831e-27,pos
102,d_102,http://id.nlm.nih.gov/mesh/D011236,160,c_160,http://nlp_microbe.ccnu.edu.cn/entity/C00295,9.510397812406831e-27,pos
102,d_102,http://id.nlm.nih.gov/mesh/D011236,236,c_236,http://nlp_microbe.ccnu.edu.cn/entity/C00112,4.6694619398181115e-27,pos
102,d_102,http://id.nlm.nih.gov/mesh/D011236,314,c_314,http://nlp_microbe.ccnu.edu.cn/entity/C00058,9.510397812406831e-27,pos
102,d_102,http://id.nlm.nih.gov/mesh/D011236,87,c_87,http://nlp_microbe.ccnu.edu.cn/entity/C03722,9.510397812406831e-27,pos
102,d_102,http://id.nlm.nih.gov/mesh/D011236,291,c_291,http://nlp_microbe.ccnu.edu.cn/entity/C00214,9.510397812406831e-27,pos
102,d_102,http://id.nlm.nih.gov/mesh/D011236,386,c_386,http://nlp_microbe.ccnu.edu.cn/entity/C01595,4.6694619398181115e-27,pos
102,d_102,http://id.nlm.nih.gov/mesh/D011236,357,c_357,http://nlp_microbe.ccnu.edu.cn/entity/C00628,9.510397812406831e-27,pos
102,d_102,http://id.nlm.nih.gov/mesh/D011236,95,c_95,http://nlp_microbe.ccnu.edu.cn/entity/C00099,9.510397812406831e-27,pos
102,d_102,http://id.nlm.nih.gov/mesh/D011236,278,c_278,http://nlp_microbe.ccnu.edu.cn/entity/C00280,9.510397812406831e-27,pos
102,d_102,http://id.nlm.nih.gov/mesh/D011236,201,c_201,http://nlp_microbe.ccnu.edu.cn/entity/C02067,9.510397812406831e-27,pos
102,d_102,http://id.nlm.nih.gov/mesh/D011236,178,c_178,http://nlp_microbe.ccnu.edu.cn/entity/C00836,4.6694619398181115e-27,pos
102,d_102,http://id.nlm.nih.gov/mesh/D011236,90,c_90,http://nlp_microbe.ccnu.edu.cn/entity/C00063,4.6694619398181115e-27,pos
102,d_102,http://id.nlm.nih.gov/mesh/D011236,447,c_447,http://nlp_microbe.ccnu.edu.cn/entity/C00422,9.510397812406831e-27,pos
102,d_102,http://id.nlm.nih.gov/mesh/D011236,129,c_129,http://nlp_microbe.ccnu.edu.cn/entity/C07326,4.6694619398181115e-27,pos
102,d_102,http://id.nlm.nih.gov/mesh/D011236,412,c_412,http://nlp_microbe.ccnu.edu.cn/entity/C00519,9.510397812406831e-27,pos
102,d_102,http://id.nlm.nih.gov/mesh/D011236,434,c_434,http://nlp_microbe.ccnu.edu.cn/entity/C01571,4.6694619398181115e-27,pos
102,d_102,http://id.nlm.nih.gov/mesh/D011236,273,c_273,http://nlp_microbe.ccnu.edu.cn/entity/C01546,9.510397812406831e-27,pos
102,d_102,http://id.nlm.nih.gov/mesh/D011236,79,c_79,http://nlp_microbe.ccnu.edu.cn/entity/C01161,4.6694619398181115e-27,pos
102,d_102,http://id.nlm.nih.gov/mesh/D011236,5,c_5,http://nlp_microbe.ccnu.edu.cn/entity/C00575,9.510397812406831e-27,pos
102,d_102,http://id.nlm.nih.gov/mesh/D011236,302,c_302,http://nlp_microbe.ccnu.edu.cn/entity/C00041,9.510397812406831e-27,pos
102,d_102,http://id.nlm.nih.gov/mesh/D011236,271,c_271,http://nlp_microbe.ccnu.edu.cn/entity/C01487,4.6694619398181115e-27,pos
102,d_102,http://id.nlm.nih.gov/mesh/D011236,395,c_395,http://nlp_microbe.ccnu.edu.cn/entity/C06501,4.6694619398181115e-27,pos
102,d_102,http://id.nlm.nih.gov/mesh/D011236,142,c_142,http://nlp_microbe.ccnu.edu.cn/entity/C12270,4.6694619398181115e-27,pos
102,d_102,http://id.nlm.nih.gov/mesh/D011236,393,c_393,http://nlp_microbe.ccnu.edu.cn/entity/C08261,9.510397812406831e-27,pos
102,d_102,http://id.nlm.nih.gov/mesh/D011236,348,c_348,http://nlp_microbe.ccnu.edu.cn/entity/C02835,9.510397812406831e-27,pos
102,d_102,http://id.nlm.nih.gov/mesh/D011236,0,c_0,http://nlp_microbe.ccnu.edu.cn/entity/C00429,9.510397812406831e-27,pos
102,d_102,http://id.nlm.nih.gov/mesh/D011236,440,c_440,http://nlp_microbe.ccnu.edu.cn/entity/C00140,9.510397812406831e-27,pos
102,d_102,http://id.nlm.nih.gov/mesh/D011236,211,c_211,http://nlp_microbe.ccnu.edu.cn/entity/C00632,9.510397812406831e-27,pos
102,d_102,http://id.nlm.nih.gov/mesh/D011236,138,c_138,http://nlp_microbe.ccnu.edu.cn/entity/C01419,4.6694619398181115e-27,pos
102,d_102,http://id.nlm.nih.gov/mesh/D011236,53,c_53,http://nlp_microbe.ccnu.edu.cn/entity/C00212,9.510397812406831e-27,pos
102,d_102,http://id.nlm.nih.gov/mesh/D011236,74,c_74,http://nlp_microbe.ccnu.edu.cn/entity/C00504,9.510397812406831e-27,pos
102,d_102,http://id.nlm.nih.gov/mesh/D011236,233,c_233,http://nlp_microbe.ccnu.edu.cn/entity/C06576,9.510397812406831e-27,pos
102,d_102,http://id.nlm.nih.gov/mesh/D011236,425,c_425,http://nlp_microbe.ccnu.edu.cn/entity/C00123,4.6694619398181115e-27,pos
102,d_102,http://id.nlm.nih.gov/mesh/D011236,223,c_223,http://nlp_microbe.ccnu.edu.cn/entity/C00089,4.6694619398181115e-27,pos
102,d_102,http://id.nlm.nih.gov/mesh/D011236,70,c_70,http://nlp_microbe.ccnu.edu.cn/entity/C05484,9.510397812406831e-27,pos
102,d_102,http://id.nlm.nih.gov/mesh/D011236,263,c_263,http://nlp_microbe.ccnu.edu.cn/entity/C01004,4.6694619398181115e-27,pos
102,d_102,http://id.nlm.nih.gov/mesh/D011236,48,c_48,http://nlp_microbe.ccnu.edu.cn/entity/C00006,9.510397812406831e-27,pos
102,d_102,http://id.nlm.nih.gov/mesh/D011236,21,c_21,http://nlp_microbe.ccnu.edu.cn/entity/C00379,4.6694619398181115e-27,pos
102,d_102,http://id.nlm.nih.gov/mesh/D011236,433,c_433,http://nlp_microbe.ccnu.edu.cn/entity/C00489,4.6694619398181115e-27,pos
102,d_102,http://id.nlm.nih.gov/mesh/D011236,330,c_330,http://nlp_microbe.ccnu.edu.cn/entity/C00581,9.510397812406831e-27,pos
102,d_102,http://id.nlm.nih.gov/mesh/D011236,366,c_366,http://nlp_microbe.ccnu.edu.cn/entity/C00257,9.510397812406831e-27,pos
102,d_102,http://id.nlm.nih.gov/mesh/D011236,453,c_453,http://nlp_microbe.ccnu.edu.cn/entity/C01953,4.6694619398181115e-27,pos
102,d_102,http://id.nlm.nih.gov/mesh/D011236,300,c_300,http://nlp_microbe.ccnu.edu.cn/entity/C02794,4.6694619398181115e-27,pos
102,d_102,http://id.nlm.nih.gov/mesh/D011236,427,c_427,http://nlp_microbe.ccnu.edu.cn/entity/C05588,4.6694619398181115e-27,pos
102,d_102,http://id.nlm.nih.gov/mesh/D011236,471,c_471,http://nlp_microbe.ccnu.edu.cn/entity/C05594,9.510397812406831e-27,pos
102,d_102,http://id.nlm.nih.gov/mesh/D011236,354,c_354,http://nlp_microbe.ccnu.edu.cn/entity/C03139,9.510397812406831e-27,pos
102,d_102,http://id.nlm.nih.gov/mesh/D011236,327,c_327,http://nlp_microbe.ccnu.edu.cn/entity/C04317,9.510397812406831e-27,pos
102,d_102,http://id.nlm.nih.gov/mesh/D011236,308,c_308,http://nlp_microbe.ccnu.edu.cn/entity/C01017,9.510397812406831e-27,pos
102,d_102,http://id.nlm.nih.gov/mesh/D011236,332,c_332,http://nlp_microbe.ccnu.edu.cn/entity/C00795,9.510397812406831e-27,pos
102,d_102,http://id.nlm.nih.gov/mesh/D011236,234,c_234,http://nlp_microbe.ccnu.edu.cn/entity/C00661,4.6694619398181115e-27,pos
102,d_102,http://id.nlm.nih.gov/mesh/D011236,276,c_276,http://nlp_microbe.ccnu.edu.cn/entity/C00062,4.6694619398181115e-27,pos
102,d_102,http://id.nlm.nih.gov/mesh/D011236,26,c_26,http://nlp_microbe.ccnu.edu.cn/entity/C00491,4.6694619398181115e-27,pos
102,d_102,http://id.nlm.nih.gov/mesh/D011236,278,c_278,http://nlp_microbe.ccnu.edu.cn/entity/C00280,9.510397812406831e-27,pos
102,d_102,http://id.nlm.nih.gov/mesh/D011236,334,c_334,http://nlp_microbe.ccnu.edu.cn/entity/C06593,4.6694619398181115e-27,pos
102,d_102,http://id.nlm.nih.gov/mesh/D011236,28,c_28,http://nlp_microbe.ccnu.edu.cn/entity/C02528,9.510397812406831e-27,pos
102,d_102,http://id.nlm.nih.gov/mesh/D011236,179,c_179,http://nlp_microbe.ccnu.edu.cn/entity/C00165,4.6694619398181115e-27,pos
102,d_102,http://id.nlm.nih.gov/mesh/D011236,119,c_119,http://nlp_microbe.ccnu.edu.cn/entity/C00106,9.510397812406831e-27,pos
102,d_102,http://id.nlm.nih.gov/mesh/D011236,324,c_324,http://nlp_microbe.ccnu.edu.cn/entity/C11735,9.510397812406831e-27,pos
102,d_102,http://id.nlm.nih.gov/mesh/D011236,412,c_412,http://nlp_microbe.ccnu.edu.cn/entity/C00519,9.510397812406831e-27,pos
102,d_102,http://id.nlm.nih.gov/mesh/D011236,384,c_384,http://nlp_microbe.ccnu.edu.cn/entity/C00207,4.6694619398181115e-27,pos
102,d_102,http://id.nlm.nih.gov/mesh/D011236,241,c_241,http://nlp_microbe.ccnu.edu.cn/entity/C02979,9.510397812406831e-27,pos
102,d_102,http://id.nlm.nih.gov/mesh/D011236,505,c_505,http://nlp_microbe.ccnu.edu.cn/entity/C00219,4.6694619398181115e-27,pos
102,d_102,http://id.nlm.nih.gov/mesh/D011236,337,c_337,http://nlp_microbe.ccnu.edu.cn/entity/C10043,9.510397812406831e-27,pos
102,d_102,http://id.nlm.nih.gov/mesh/D011236,243,c_243,http://nlp_microbe.ccnu.edu.cn/entity/C00021,4.6694619398181115e-27,pos
102,d_102,http://id.nlm.nih.gov/mesh/D011236,398,c_398,http://nlp_microbe.ccnu.edu.cn/entity/C00984,9.510397812406831e-27,pos
102,d_102,http://id.nlm.nih.gov/mesh/D011236,246,c_246,http://nlp_microbe.ccnu.edu.cn/entity/C00255,9.510397812406831e-27,pos
102,d_102,http://id.nlm.nih.gov/mesh/D011236,257,c_257,http://nlp_microbe.ccnu.edu.cn/entity/C00184,9.510397812406831e-27,pos
102,d_102,http://id.nlm.nih.gov/mesh/D011236,504,c_504,http://nlp_microbe.ccnu.edu.cn/entity/C00198,4.6694619398181115e-27,pos
102,d_102,http://id.nlm.nih.gov/mesh/D011236,470,c_470,http://nlp_microbe.ccnu.edu.cn/entity/C00719,9.510397812406831e-27,pos
102,d_102,http://id.nlm.nih.gov/mesh/D011236,473,c_473,http://nlp_microbe.ccnu.edu.cn/entity/C00330,4.6694619398181115e-27,pos
102,d_102,http://id.nlm.nih.gov/mesh/D011236,480,c_480,http://nlp_microbe.ccnu.edu.cn/entity/C02838,4.6694619398181115e-27,pos
102,d_102,http://id.nlm.nih.gov/mesh/D011236,103,c_103,http://nlp_microbe.ccnu.edu.cn/entity/C00299,9.510397812406831e-27,pos
102,d_102,http://id.nlm.nih.gov/mesh/D011236,252,c_252,http://nlp_microbe.ccnu.edu.cn/entity/C00186,9.510397812406831e-27,pos
102,d_102,http://id.nlm.nih.gov/mesh/D011236,68,c_68,http://nlp_microbe.ccnu.edu.cn/entity/C00425,4.6694619398181115e-27,pos
102,d_102,http://id.nlm.nih.gov/mesh/D011236,201,c_201,http://nlp_microbe.ccnu.edu.cn/entity/C02067,9.510397812406831e-27,pos
102,d_102,http://id.nlm.nih.gov/mesh/D011236,503,c_503,http://nlp_microbe.ccnu.edu.cn/entity/C00111,9.510397812406831e-27,pos
102,d_102,http://id.nlm.nih.gov/mesh/D011236,355,c_355,http://nlp_microbe.ccnu.edu.cn/entity/C00847,9.510397812406831e-27,pos
102,d_102,http://id.nlm.nih.gov/mesh/D011236,447,c_447,http://nlp_microbe.ccnu.edu.cn/entity/C00422,9.510397812406831e-27,pos
102,d_102,http://id.nlm.nih.gov/mesh/D011236,214,c_214,http://nlp_microbe.ccnu.edu.cn/entity/C00249,9.510397812406831e-27,pos
102,d_102,http://id.nlm.nih.gov/mesh/D011236,76,c_76,http://nlp_microbe.ccnu.edu.cn/entity/C03990,9.510397812406831e-27,pos
102,d_102,http://id.nlm.nih.gov/mesh/D011236,403,c_403,http://nlp_microbe.ccnu.edu.cn/entity/C00079,4.6694619398181115e-27,pos
102,d_102,http://id.nlm.nih.gov/mesh/D011236,376,c_376,http://nlp_microbe.ccnu.edu.cn/entity/C00386,4.6694619398181115e-27,pos
102,d_102,http://id.nlm.nih.gov/mesh/D011236,335,c_335,http://nlp_microbe.ccnu.edu.cn/entity/C10438,9.510397812406831e-27,pos
102,d_102,http://id.nlm.nih.gov/mesh/D011236,206,c_206,http://nlp_microbe.ccnu.edu.cn/entity/C00213,9.510397812406831e-27,pos
102,d_102,http://id.nlm.nih.gov/mesh/D011236,52,c_52,http://nlp_microbe.ccnu.edu.cn/entity/C00750,9.510397812406831e-27,pos
102,d_102,http://id.nlm.nih.gov/mesh/D011236,97,c_97,http://nlp_microbe.ccnu.edu.cn/entity/C05672,9.510397812406831e-27,pos
102,d_102,http://id.nlm.nih.gov/mesh/D011236,196,c_196,http://nlp_microbe.ccnu.edu.cn/entity/C00166,9.510397812406831e-27,pos
102,d_102,http://id.nlm.nih.gov/mesh/D011236,350,c_350,http://nlp_microbe.ccnu.edu.cn/entity/C00170,9.510397812406831e-27,pos
102,d_102,http://id.nlm.nih.gov/mesh/D011236,340,c_340,http://nlp_microbe.ccnu.edu.cn/entity/C00245,9.510397812406831e-27,pos
102,d_102,http://id.nlm.nih.gov/mesh/D011236,368,c_368,http://nlp_microbe.ccnu.edu.cn/entity/C00258,9.510397812406831e-27,pos
102,d_102,http://id.nlm.nih.gov/mesh/D011236,240,c_240,http://nlp_microbe.ccnu.edu.cn/entity/C02938,9.510397812406831e-27,pos
102,d_102,http://id.nlm.nih.gov/mesh/D011236,232,c_232,http://nlp_microbe.ccnu.edu.cn/entity/C00120,9.510397812406831e-27,pos
102,d_102,http://id.nlm.nih.gov/mesh/D011236,318,c_318,http://nlp_microbe.ccnu.edu.cn/entity/C00850,9.510397812406831e-27,pos
102,d_102,http://id.nlm.nih.gov/mesh/D011236,463,c_463,http://nlp_microbe.ccnu.edu.cn/entity/C00884,4.6694619398181115e-27,pos
102,d_102,http://id.nlm.nih.gov/mesh/D011236,194,c_194,http://nlp_microbe.ccnu.edu.cn/entity/C00334,9.510397812406831e-27,pos
102,d_102,http://id.nlm.nih.gov/mesh/D011236,464,c_464,http://nlp_microbe.ccnu.edu.cn/entity/C00361,4.6694619398181115e-27,pos
102,d_102,http://id.nlm.nih.gov/mesh/D011236,486,c_486,http://nlp_microbe.ccnu.edu.cn/entity/C00077,9.510397812406831e-27,pos
102,d_102,http://id.nlm.nih.gov/mesh/D011236,237,c_237,http://nlp_microbe.ccnu.edu.cn/entity/C01103,9.510397812406831e-27,pos
102,d_102,http://id.nlm.nih.gov/mesh/D011236,137,c_137,http://nlp_microbe.ccnu.edu.cn/entity/C00246,9.510397812406831e-27,pos
102,d_102,http://id.nlm.nih.gov/mesh/D011236,497,c_497,http://nlp_microbe.ccnu.edu.cn/entity/C00344,9.510397812406831e-27,pos
102,d_102,http://id.nlm.nih.gov/mesh/D011236,238,c_238,http://nlp_microbe.ccnu.edu.cn/entity/C05828,4.6694619398181115e-27,pos
102,d_102,http://id.nlm.nih.gov/mesh/D011236,510,c_510,http://nlp_microbe.ccnu.edu.cn/entity/C00074,9.510397812406831e-27,pos
102,d_102,http://id.nlm.nih.gov/mesh/D011236,466,c_466,http://nlp_microbe.ccnu.edu.cn/entity/C00064,9.510397812406831e-27,pos
102,d_102,http://id.nlm.nih.gov/mesh/D011236,174,c_174,http://nlp_microbe.ccnu.edu.cn/entity/C13712,4.6694619398181115e-27,pos
102,d_102,http://id.nlm.nih.gov/mesh/D011236,421,c_421,http://nlp_microbe.ccnu.edu.cn/entity/C05519,9.510397812406831e-27,pos
102,d_102,http://id.nlm.nih.gov/mesh/D011236,182,c_182,http://nlp_microbe.ccnu.edu.cn/entity/C00864,9.510397812406831e-27,pos
102,d_102,http://id.nlm.nih.gov/mesh/D011236,259,c_259,http://nlp_microbe.ccnu.edu.cn/entity/C00292,9.510397812406831e-27,pos
102,d_102,http://id.nlm.nih.gov/mesh/D011236,488,c_488,http://nlp_microbe.ccnu.edu.cn/entity/C00803,9.510397812406831e-27,pos
102,d_102,http://id.nlm.nih.gov/mesh/D011236,315,c_315,http://nlp_microbe.ccnu.edu.cn/entity/C00300,4.6694619398181115e-27,pos
102,d_102,http://id.nlm.nih.gov/mesh/D011236,460,c_460,http://nlp_microbe.ccnu.edu.cn/entity/C02470,9.510397812406831e-27,pos
102,d_102,http://id.nlm.nih.gov/mesh/D011236,115,c_115,http://nlp_microbe.ccnu.edu.cn/entity/C05584,9.510397812406831e-27,pos
102,d_102,http://id.nlm.nih.gov/mesh/D011236,257,c_257,http://nlp_microbe.ccnu.edu.cn/entity/C00184,9.510397812406831e-27,pos
102,d_102,http://id.nlm.nih.gov/mesh/D011236,344,c_344,http://nlp_microbe.ccnu.edu.cn/entity/C00082,9.510397812406831e-27,pos
102,d_102,http://id.nlm.nih.gov/mesh/D011236,343,c_343,http://nlp_microbe.ccnu.edu.cn/entity/C00857,9.510397812406831e-27,pos
102,d_102,http://id.nlm.nih.gov/mesh/D011236,36,c_36,http://nlp_microbe.ccnu.edu.cn/entity/C00037,9.510397812406831e-27,pos
102,d_102,http://id.nlm.nih.gov/mesh/D011236,103,c_103,http://nlp_microbe.ccnu.edu.cn/entity/C00299,9.510397812406831e-27,pos
102,d_102,http://id.nlm.nih.gov/mesh/D011236,73,c_73,http://nlp_microbe.ccnu.edu.cn/entity/C00148,9.510397812406831e-27,pos
102,d_102,http://id.nlm.nih.gov/mesh/D011236,57,c_57,http://nlp_microbe.ccnu.edu.cn/entity/C11695,9.510397812406831e-27,pos
102,d_102,http://id.nlm.nih.gov/mesh/D011236,362,c_362,http://nlp_microbe.ccnu.edu.cn/entity/C12323,9.510397812406831e-27,pos
102,d_102,http://id.nlm.nih.gov/mesh/D011236,500,c_500,http://nlp_microbe.ccnu.edu.cn/entity/C00385,4.6694619398181115e-27,pos
102,d_102,http://id.nlm.nih.gov/mesh/D011236,159,c_159,http://nlp_microbe.ccnu.edu.cn/entity/C11457,4.6694619398181115e-27,pos
102,d_102,http://id.nlm.nih.gov/mesh/D011236,185,c_185,http://nlp_microbe.ccnu.edu.cn/entity/C00236,9.510397812406831e-27,pos
102,d_102,http://id.nlm.nih.gov/mesh/D011236,192,c_192,http://nlp_microbe.ccnu.edu.cn/entity/C00065,9.510397812406831e-27,pos
102,d_102,http://id.nlm.nih.gov/mesh/D011236,482,c_482,http://nlp_microbe.ccnu.edu.cn/entity/C01586,4.6694619398181115e-27,pos
102,d_102,http://id.nlm.nih.gov/mesh/D011236,119,c_119,http://nlp_microbe.ccnu.edu.cn/entity/C00106,9.510397812406831e-27,pos
102,d_102,http://id.nlm.nih.gov/mesh/D011236,76,c_76,http://nlp_microbe.ccnu.edu.cn/entity/C03990,9.510397812406831e-27,pos
102,d_102,http://id.nlm.nih.gov/mesh/D011236,324,c_324,http://nlp_microbe.ccnu.edu.cn/entity/C11735,9.510397812406831e-27,pos
102,d_102,http://id.nlm.nih.gov/mesh/D011236,143,c_143,http://nlp_microbe.ccnu.edu.cn/entity/C00488,9.510397812406831e-27,pos
102,d_102,http://id.nlm.nih.gov/mesh/D011236,283,c_283,http://nlp_microbe.ccnu.edu.cn/entity/C02043,4.6694619398181115e-27,pos
102,d_102,http://id.nlm.nih.gov/mesh/D011236,20,c_20,http://nlp_microbe.ccnu.edu.cn/entity/C00068,9.510397812406831e-27,pos
102,d_102,http://id.nlm.nih.gov/mesh/D011236,326,c_326,http://nlp_microbe.ccnu.edu.cn/entity/C00568,9.510397812406831e-27,pos
102,d_102,http://id.nlm.nih.gov/mesh/D011236,244,c_244,http://nlp_microbe.ccnu.edu.cn/entity/C08356,9.510397812406831e-27,pos
102,d_102,http://id.nlm.nih.gov/mesh/D011236,270,c_270,http://nlp_microbe.ccnu.edu.cn/entity/C00341,4.6694619398181115e-27,pos
102,d_102,http://id.nlm.nih.gov/mesh/D011236,133,c_133,http://nlp_microbe.ccnu.edu.cn/entity/C00073,9.510397812406831e-27,pos
102,d_102,http://id.nlm.nih.gov/mesh/D011236,85,c_85,http://nlp_microbe.ccnu.edu.cn/entity/C00135,9.510397812406831e-27,pos
102,d_102,http://id.nlm.nih.gov/mesh/D011236,206,c_206,http://nlp_microbe.ccnu.edu.cn/entity/C00213,9.510397812406831e-27,pos
102,d_102,http://id.nlm.nih.gov/mesh/D011236,52,c_52,http://nlp_microbe.ccnu.edu.cn/entity/C00750,9.510397812406831e-27,pos
102,d_102,http://id.nlm.nih.gov/mesh/D011236,381,c_381,http://nlp_microbe.ccnu.edu.cn/entity/C00394,4.6694619398181115e-27,pos
102,d_102,http://id.nlm.nih.gov/mesh/D011236,454,c_454,http://nlp_microbe.ccnu.edu.cn/entity/C00009,4.6694619398181115e-27,pos
102,d_102,http://id.nlm.nih.gov/mesh/D011236,232,c_232,http://nlp_microbe.ccnu.edu.cn/entity/C00120,9.510397812406831e-27,pos
102,d_102,http://id.nlm.nih.gov/mesh/D011236,416,c_416,http://nlp_microbe.ccnu.edu.cn/entity/C03539,9.510397812406831e-27,pos
102,d_102,http://id.nlm.nih.gov/mesh/D011236,194,c_194,http://nlp_microbe.ccnu.edu.cn/entity/C00334,9.510397812406831e-27,pos
102,d_102,http://id.nlm.nih.gov/mesh/D011236,387,c_387,http://nlp_microbe.ccnu.edu.cn/entity/C00152,4.6694619398181115e-27,pos
102,d_102,http://id.nlm.nih.gov/mesh/D011236,164,c_164,http://nlp_microbe.ccnu.edu.cn/entity/C00735,9.510397812406831e-27,pos
102,d_102,http://id.nlm.nih.gov/mesh/D011236,281,c_281,http://nlp_microbe.ccnu.edu.cn/entity/C03672,9.510397812406831e-27,pos
102,d_102,http://id.nlm.nih.gov/mesh/D011236,470,c_470,http://nlp_microbe.ccnu.edu.cn/entity/C00719,9.510397812406831e-27,pos
102,d_102,http://id.nlm.nih.gov/mesh/D011236,56,c_56,http://nlp_microbe.ccnu.edu.cn/entity/C00346,9.510397812406831e-27,pos
102,d_102,http://id.nlm.nih.gov/mesh/D011236,66,c_66,http://nlp_microbe.ccnu.edu.cn/entity/C00458,9.510397812406831e-27,pos
102,d_102,http://id.nlm.nih.gov/mesh/D011236,41,c_41,http://nlp_microbe.ccnu.edu.cn/entity/C03406,9.510397812406831e-27,pos
102,d_102,http://id.nlm.nih.gov/mesh/D011236,361,c_361,http://nlp_microbe.ccnu.edu.cn/entity/C00315,9.510397812406831e-27,pos
102,d_102,http://id.nlm.nih.gov/mesh/D011236,47,c_47,http://nlp_microbe.ccnu.edu.cn/entity/C00364,9.510397812406831e-27,pos
102,d_102,http://id.nlm.nih.gov/mesh/D011236,14,c_14,http://nlp_microbe.ccnu.edu.cn/entity/C14769,9.510397812406831e-27,pos
102,d_102,http://id.nlm.nih.gov/mesh/D011236,177,c_177,http://nlp_microbe.ccnu.edu.cn/entity/C06186,9.510397812406831e-27,pos
102,d_102,http://id.nlm.nih.gov/mesh/D011236,497,c_497,http://nlp_microbe.ccnu.edu.cn/entity/C00344,9.510397812406831e-27,pos
102,d_102,http://id.nlm.nih.gov/mesh/D011236,492,c_492,http://nlp_microbe.ccnu.edu.cn/entity/C01545,4.6694619398181115e-27,pos
102,d_102,http://id.nlm.nih.gov/mesh/D011236,221,c_221,http://nlp_microbe.ccnu.edu.cn/entity/C00169,9.510397812406831e-27,pos
102,d_102,http://id.nlm.nih.gov/mesh/D011236,173,c_173,http://nlp_microbe.ccnu.edu.cn/entity/C13856,9.510397812406831e-27,pos
102,d_102,http://id.nlm.nih.gov/mesh/D011236,502,c_502,http://nlp_microbe.ccnu.edu.cn/entity/C03557,9.510397812406831e-27,pos
102,d_102,http://id.nlm.nih.gov/mesh/D011236,171,c_171,http://nlp_microbe.ccnu.edu.cn/entity/C05843,9.510397812406831e-27,pos
102,d_102,http://id.nlm.nih.gov/mesh/D011236,182,c_182,http://nlp_microbe.ccnu.edu.cn/entity/C00864,9.510397812406831e-27,pos
102,d_102,http://id.nlm.nih.gov/mesh/D011236,460,c_460,http://nlp_microbe.ccnu.edu.cn/entity/C02470,9.510397812406831e-27,pos
102,d_102,http://id.nlm.nih.gov/mesh/D011236,115,c_115,http://nlp_microbe.ccnu.edu.cn/entity/C05584,9.510397812406831e-27,pos
102,d_102,http://id.nlm.nih.gov/mesh/D011236,112,c_112,http://nlp_microbe.ccnu.edu.cn/entity/C05834,9.510397812406831e-27,pos
102,d_102,http://id.nlm.nih.gov/mesh/D011236,261,c_261,http://nlp_microbe.ccnu.edu.cn/entity/C00020,9.510397812406831e-27,pos
102,d_102,http://id.nlm.nih.gov/mesh/D011236,240,c_240,http://nlp_microbe.ccnu.edu.cn/entity/C02938,9.510397812406831e-27,pos
102,d_102,http://id.nlm.nih.gov/mesh/D011236,230,c_230,http://nlp_microbe.ccnu.edu.cn/entity/C00534,9.510397812406831e-27,pos
102,d_102,http://id.nlm.nih.gov/mesh/D011236,499,c_499,http://nlp_microbe.ccnu.edu.cn/entity/C01424,9.510397812406831e-27,pos
102,d_102,http://id.nlm.nih.gov/mesh/D011236,49,c_49,http://nlp_microbe.ccnu.edu.cn/entity/C05635,9.510397812406831e-27,pos
102,d_102,http://id.nlm.nih.gov/mesh/D011236,192,c_192,http://nlp_microbe.ccnu.edu.cn/entity/C00065,9.510397812406831e-27,pos
102,d_102,http://id.nlm.nih.gov/mesh/D011236,286,c_286,http://nlp_microbe.ccnu.edu.cn/entity/C00410,4.6694619398181115e-27,pos
102,d_102,http://id.nlm.nih.gov/mesh/D011236,459,c_459,http://nlp_microbe.ccnu.edu.cn/entity/C05598,9.510397812406831e-27,pos
102,d_102,http://id.nlm.nih.gov/mesh/D011236,101,c_101,http://nlp_microbe.ccnu.edu.cn/entity/C01081,9.510397812406831e-27,pos
102,d_102,http://id.nlm.nih.gov/mesh/D011236,124,c_124,http://nlp_microbe.ccnu.edu.cn/entity/C00075,4.6694619398181115e-27,pos
102,d_102,http://id.nlm.nih.gov/mesh/D011236,501,c_501,http://nlp_microbe.ccnu.edu.cn/entity/C02990,9.510397812406831e-27,pos
102,d_102,http://id.nlm.nih.gov/mesh/D011236,310,c_310,http://nlp_microbe.ccnu.edu.cn/entity/C06153,9.510397812406831e-27,pos
102,d_102,http://id.nlm.nih.gov/mesh/D011236,220,c_220,http://nlp_microbe.ccnu.edu.cn/entity/C00192,9.510397812406831e-27,pos
102,d_102,http://id.nlm.nih.gov/mesh/D011236,181,c_181,http://nlp_microbe.ccnu.edu.cn/entity/C00408,4.6694619398181115e-27,pos
102,d_102,http://id.nlm.nih.gov/mesh/D011236,450,c_450,http://nlp_microbe.ccnu.edu.cn/entity/C01588,4.6694619398181115e-27,pos
102,d_102,http://id.nlm.nih.gov/mesh/D011236,2,c_2,http://nlp_microbe.ccnu.edu.cn/entity/C06473,4.6694619398181115e-27,pos
102,d_102,http://id.nlm.nih.gov/mesh/D011236,423,c_423,http://nlp_microbe.ccnu.edu.cn/entity/C01796,9.510397812406831e-27,pos
102,d_102,http://id.nlm.nih.gov/mesh/D011236,356,c_356,http://nlp_microbe.ccnu.edu.cn/entity/C03017,4.6694619398181115e-27,pos
102,d_102,http://id.nlm.nih.gov/mesh/D011236,265,c_265,http://nlp_microbe.ccnu.edu.cn/entity/C06672,4.6694619398181115e-27,pos
102,d_102,http://id.nlm.nih.gov/mesh/D011236,213,c_213,http://nlp_microbe.ccnu.edu.cn/entity/C00345,4.6694619398181115e-27,pos
102,d_102,http://id.nlm.nih.gov/mesh/D011236,369,c_369,http://nlp_microbe.ccnu.edu.cn/entity/C00956,4.6694619398181115e-27,pos
102,d_102,http://id.nlm.nih.gov/mesh/D011236,378,c_378,http://nlp_microbe.ccnu.edu.cn/entity/C00550,4.6694619398181115e-27,pos
102,d_102,http://id.nlm.nih.gov/mesh/D011236,164,c_164,http://nlp_microbe.ccnu.edu.cn/entity/C00735,9.510397812406831e-27,pos
102,d_102,http://id.nlm.nih.gov/mesh/D011236,161,c_161,http://nlp_microbe.ccnu.edu.cn/entity/C05145,4.6694619398181115e-27,pos
102,d_102,http://id.nlm.nih.gov/mesh/D011236,431,c_431,http://nlp_microbe.ccnu.edu.cn/entity/C01762,9.510397812406831e-27,pos
102,d_102,http://id.nlm.nih.gov/mesh/D011236,36,c_36,http://nlp_microbe.ccnu.edu.cn/entity/C00037,9.510397812406831e-27,pos
102,d_102,http://id.nlm.nih.gov/mesh/D011236,66,c_66,http://nlp_microbe.ccnu.edu.cn/entity/C00458,9.510397812406831e-27,pos
102,d_102,http://id.nlm.nih.gov/mesh/D011236,451,c_451,http://nlp_microbe.ccnu.edu.cn/entity/C05332,9.510397812406831e-27,pos
102,d_102,http://id.nlm.nih.gov/mesh/D011236,83,c_83,http://nlp_microbe.ccnu.edu.cn/entity/C02305,9.510397812406831e-27,pos
102,d_102,http://id.nlm.nih.gov/mesh/D011236,19,c_19,http://nlp_microbe.ccnu.edu.cn/entity/C00178,4.6694619398181115e-27,pos
102,d_102,http://id.nlm.nih.gov/mesh/D011236,455,c_455,http://nlp_microbe.ccnu.edu.cn/entity/C00218,9.510397812406831e-27,pos
102,d_102,http://id.nlm.nih.gov/mesh/D011236,325,c_325,http://nlp_microbe.ccnu.edu.cn/entity/C08362,9.510397812406831e-27,pos
102,d_102,http://id.nlm.nih.gov/mesh/D011236,177,c_177,http://nlp_microbe.ccnu.edu.cn/entity/C06186,9.510397812406831e-27,pos
102,d_102,http://id.nlm.nih.gov/mesh/D011236,405,c_405,http://nlp_microbe.ccnu.edu.cn/entity/C13846,4.6694619398181115e-27,pos
102,d_102,http://id.nlm.nih.gov/mesh/D011236,93,c_93,http://nlp_microbe.ccnu.edu.cn/entity/C01724,9.510397812406831e-27,pos
102,d_102,http://id.nlm.nih.gov/mesh/D011236,184,c_184,http://nlp_microbe.ccnu.edu.cn/entity/C00158,9.510397812406831e-27,pos
102,d_102,http://id.nlm.nih.gov/mesh/D011236,189,c_189,http://nlp_microbe.ccnu.edu.cn/entity/C05122,9.510397812406831e-27,pos
102,d_102,http://id.nlm.nih.gov/mesh/D011236,299,c_299,http://nlp_microbe.ccnu.edu.cn/entity/C06423,4.6694619398181115e-27,pos
102,d_102,http://id.nlm.nih.gov/mesh/D011236,46,c_46,http://nlp_microbe.ccnu.edu.cn/entity/C00163,9.510397812406831e-27,pos
102,d_102,http://id.nlm.nih.gov/mesh/D011236,7,c_7,http://nlp_microbe.ccnu.edu.cn/entity/C01717,9.510397812406831e-27,pos
102,d_102,http://id.nlm.nih.gov/mesh/D011236,84,c_84,http://nlp_microbe.ccnu.edu.cn/entity/C02571,9.510397812406831e-27,pos
102,d_102,http://id.nlm.nih.gov/mesh/D011236,18,c_18,http://nlp_microbe.ccnu.edu.cn/entity/C14151,4.6694619398181115e-27,pos
102,d_102,http://id.nlm.nih.gov/mesh/D011236,20,c_20,http://nlp_microbe.ccnu.edu.cn/entity/C00068,9.510397812406831e-27,pos
102,d_102,http://id.nlm.nih.gov/mesh/D011236,326,c_326,http://nlp_microbe.ccnu.edu.cn/entity/C00568,9.510397812406831e-27,pos
102,d_102,http://id.nlm.nih.gov/mesh/D011236,155,c_155,http://nlp_microbe.ccnu.edu.cn/entity/C05282,9.510397812406831e-27,pos
102,d_102,http://id.nlm.nih.gov/mesh/D011236,307,c_307,http://nlp_microbe.ccnu.edu.cn/entity/C02502,4.6694619398181115e-27,pos
102,d_102,http://id.nlm.nih.gov/mesh/D011236,346,c_346,http://nlp_microbe.ccnu.edu.cn/entity/C00474,4.6694619398181115e-27,pos
102,d_102,http://id.nlm.nih.gov/mesh/D011236,248,c_248,http://nlp_microbe.ccnu.edu.cn/entity/C05139,9.510397812406831e-27,pos
102,d_102,http://id.nlm.nih.gov/mesh/D011236,264,c_264,http://nlp_microbe.ccnu.edu.cn/entity/C00155,9.510397812406831e-27,pos
102,d_102,http://id.nlm.nih.gov/mesh/D011236,388,c_388,http://nlp_microbe.ccnu.edu.cn/entity/C00187,9.510397812406831e-27,pos
102,d_102,http://id.nlm.nih.gov/mesh/D011236,416,c_416,http://nlp_microbe.ccnu.edu.cn/entity/C03539,9.510397812406831e-27,pos
102,d_102,http://id.nlm.nih.gov/mesh/D011236,29,c_29,http://nlp_microbe.ccnu.edu.cn/entity/C00533,9.510397812406831e-27,pos
102,d_102,http://id.nlm.nih.gov/mesh/D011236,190,c_190,http://nlp_microbe.ccnu.edu.cn/entity/C00486,9.510397812406831e-27,pos
102,d_102,http://id.nlm.nih.gov/mesh/D011236,195,c_195,http://nlp_microbe.ccnu.edu.cn/entity/C00993,4.6694619398181115e-27,pos
102,d_102,http://id.nlm.nih.gov/mesh/D011236,281,c_281,http://nlp_microbe.ccnu.edu.cn/entity/C03672,9.510397812406831e-27,pos
102,d_102,http://id.nlm.nih.gov/mesh/D011236,508,c_508,http://nlp_microbe.ccnu.edu.cn/entity/C00097,9.510397812406831e-27,pos
102,d_102,http://id.nlm.nih.gov/mesh/D011236,49,c_49,http://nlp_microbe.ccnu.edu.cn/entity/C05635,9.510397812406831e-27,pos
102,d_102,http://id.nlm.nih.gov/mesh/D011236,42,c_42,http://nlp_microbe.ccnu.edu.cn/entity/C02670,9.510397812406831e-27,pos
102,d_102,http://id.nlm.nih.gov/mesh/D011236,217,c_217,http://nlp_microbe.ccnu.edu.cn/entity/C00490,9.510397812406831e-27,pos
102,d_102,http://id.nlm.nih.gov/mesh/D011236,311,c_311,http://nlp_microbe.ccnu.edu.cn/entity/C00387,9.510397812406831e-27,pos
102,d_102,http://id.nlm.nih.gov/mesh/D011236,267,c_267,http://nlp_microbe.ccnu.edu.cn/entity/C00431,9.510397812406831e-27,pos
102,d_102,http://id.nlm.nih.gov/mesh/D011236,140,c_140,http://nlp_microbe.ccnu.edu.cn/entity/C00188,9.510397812406831e-27,pos
102,d_102,http://id.nlm.nih.gov/mesh/D011236,207,c_207,http://nlp_microbe.ccnu.edu.cn/entity/C00029,9.510397812406831e-27,pos
102,d_102,http://id.nlm.nih.gov/mesh/D011236,81,c_81,http://nlp_microbe.ccnu.edu.cn/entity/C11396,9.510397812406831e-27,pos
102,d_102,http://id.nlm.nih.gov/mesh/D011236,341,c_341,http://nlp_microbe.ccnu.edu.cn/entity/C00279,9.510397812406831e-27,pos
102,d_102,http://id.nlm.nih.gov/mesh/D011236,131,c_131,http://nlp_microbe.ccnu.edu.cn/entity/C00544,4.6694619398181115e-27,pos
102,d_102,http://id.nlm.nih.gov/mesh/D011236,220,c_220,http://nlp_microbe.ccnu.edu.cn/entity/C00192,9.510397812406831e-27,pos
102,d_102,http://id.nlm.nih.gov/mesh/D011236,145,c_145,http://nlp_microbe.ccnu.edu.cn/entity/C16884,4.6694619398181115e-27,pos
102,d_102,http://id.nlm.nih.gov/mesh/D011236,272,c_272,http://nlp_microbe.ccnu.edu.cn/entity/C14499,4.6694619398181115e-27,pos
102,d_102,http://id.nlm.nih.gov/mesh/D011236,316,c_316,http://nlp_microbe.ccnu.edu.cn/entity/C04677,4.6694619398181115e-27,pos
102,d_102,http://id.nlm.nih.gov/mesh/D011236,113,c_113,http://nlp_microbe.ccnu.edu.cn/entity/C01405,4.6694619398181115e-27,pos
102,d_102,http://id.nlm.nih.gov/mesh/D011236,383,c_383,http://nlp_microbe.ccnu.edu.cn/entity/C00576,9.510397812406831e-27,pos
102,d_102,http://id.nlm.nih.gov/mesh/D011236,385,c_385,http://nlp_microbe.ccnu.edu.cn/entity/C00122,4.6694619398181115e-27,pos
102,d_102,http://id.nlm.nih.gov/mesh/D011236,379,c_379,http://nlp_microbe.ccnu.edu.cn/entity/C02993,4.6694619398181115e-27,pos
102,d_102,http://id.nlm.nih.gov/mesh/D011236,436,c_436,http://nlp_microbe.ccnu.edu.cn/entity/C03758,4.6694619398181115e-27,pos
102,d_102,http://id.nlm.nih.gov/mesh/D011236,8,c_8,http://nlp_microbe.ccnu.edu.cn/entity/C02862,9.510397812406831e-27,pos
102,d_102,http://id.nlm.nih.gov/mesh/D011236,93,c_93,http://nlp_microbe.ccnu.edu.cn/entity/C01724,9.510397812406831e-27,pos
102,d_102,http://id.nlm.nih.gov/mesh/D011236,285,c_285,http://nlp_microbe.ccnu.edu.cn/entity/C06428,9.510397812406831e-27,pos
102,d_102,http://id.nlm.nih.gov/mesh/D011236,189,c_189,http://nlp_microbe.ccnu.edu.cn/entity/C05122,9.510397812406831e-27,pos
102,d_102,http://id.nlm.nih.gov/mesh/D011236,16,c_16,http://nlp_microbe.ccnu.edu.cn/entity/C02137,9.510397812406831e-27,pos
102,d_102,http://id.nlm.nih.gov/mesh/D011236,46,c_46,http://nlp_microbe.ccnu.edu.cn/entity/C00163,9.510397812406831e-27,pos
102,d_102,http://id.nlm.nih.gov/mesh/D011236,7,c_7,http://nlp_microbe.ccnu.edu.cn/entity/C01717,9.510397812406831e-27,pos
102,d_102,http://id.nlm.nih.gov/mesh/D011236,339,c_339,http://nlp_microbe.ccnu.edu.cn/entity/C00872,4.6694619398181115e-27,pos
102,d_102,http://id.nlm.nih.gov/mesh/D011236,422,c_422,http://nlp_microbe.ccnu.edu.cn/entity/C00989,4.6694619398181115e-27,pos
102,d_102,http://id.nlm.nih.gov/mesh/D011236,479,c_479,http://nlp_microbe.ccnu.edu.cn/entity/C04548,9.510397812406831e-27,pos
102,d_102,http://id.nlm.nih.gov/mesh/D011236,84,c_84,http://nlp_microbe.ccnu.edu.cn/entity/C02571,9.510397812406831e-27,pos
102,d_102,http://id.nlm.nih.gov/mesh/D011236,258,c_258,http://nlp_microbe.ccnu.edu.cn/entity/C00078,9.510397812406831e-27,pos
102,d_102,http://id.nlm.nih.gov/mesh/D011236,417,c_417,http://nlp_microbe.ccnu.edu.cn/entity/C00352,9.510397812406831e-27,pos
102,d_102,http://id.nlm.nih.gov/mesh/D011236,338,c_338,http://nlp_microbe.ccnu.edu.cn/entity/C00180,9.510397812406831e-27,pos
102,d_102,http://id.nlm.nih.gov/mesh/D011236,158,c_158,http://nlp_microbe.ccnu.edu.cn/entity/C05853,9.510397812406831e-27,pos
102,d_102,http://id.nlm.nih.gov/mesh/D011236,347,c_347,http://nlp_microbe.ccnu.edu.cn/entity/C00362,4.6694619398181115e-27,pos
102,d_102,http://id.nlm.nih.gov/mesh/D011236,430,c_430,http://nlp_microbe.ccnu.edu.cn/entity/C00127,9.510397812406831e-27,pos
102,d_102,http://id.nlm.nih.gov/mesh/D011236,380,c_380,http://nlp_microbe.ccnu.edu.cn/entity/C02614,9.510397812406831e-27,pos
102,d_102,http://id.nlm.nih.gov/mesh/D011236,13,c_13,http://nlp_microbe.ccnu.edu.cn/entity/C02140,9.510397812406831e-27,pos
102,d_102,http://id.nlm.nih.gov/mesh/D011236,99,c_99,http://nlp_microbe.ccnu.edu.cn/entity/C00092,4.6694619398181115e-27,pos
102,d_102,http://id.nlm.nih.gov/mesh/D011236,476,c_476,http://nlp_microbe.ccnu.edu.cn/entity/C02076,9.510397812406831e-27,pos
102,d_102,http://id.nlm.nih.gov/mesh/D011236,481,c_481,http://nlp_microbe.ccnu.edu.cn/entity/C02679,9.510397812406831e-27,pos
102,d_102,http://id.nlm.nih.gov/mesh/D011236,202,c_202,http://nlp_microbe.ccnu.edu.cn/entity/C01181,4.6694619398181115e-27,pos
102,d_102,http://id.nlm.nih.gov/mesh/D011236,309,c_309,http://nlp_microbe.ccnu.edu.cn/entity/C04409,9.510397812406831e-27,pos
102,d_102,http://id.nlm.nih.gov/mesh/D011236,410,c_410,http://nlp_microbe.ccnu.edu.cn/entity/C15515,9.510397812406831e-27,pos
102,d_102,http://id.nlm.nih.gov/mesh/D011236,431,c_431,http://nlp_microbe.ccnu.edu.cn/entity/C01762,9.510397812406831e-27,pos
102,d_102,http://id.nlm.nih.gov/mesh/D011236,60,c_60,http://nlp_microbe.ccnu.edu.cn/entity/C00043,9.510397812406831e-27,pos
102,d_102,http://id.nlm.nih.gov/mesh/D011236,451,c_451,http://nlp_microbe.ccnu.edu.cn/entity/C05332,9.510397812406831e-27,pos
102,d_102,http://id.nlm.nih.gov/mesh/D011236,42,c_42,http://nlp_microbe.ccnu.edu.cn/entity/C02670,9.510397812406831e-27,pos
102,d_102,http://id.nlm.nih.gov/mesh/D011236,136,c_136,http://nlp_microbe.ccnu.edu.cn/entity/C00327,4.6694619398181115e-27,pos
102,d_102,http://id.nlm.nih.gov/mesh/D011236,10,c_10,http://nlp_microbe.ccnu.edu.cn/entity/C00565,9.510397812406831e-27,pos
102,d_102,http://id.nlm.nih.gov/mesh/D011236,506,c_506,http://nlp_microbe.ccnu.edu.cn/entity/C10172,9.510397812406831e-27,pos
102,d_102,http://id.nlm.nih.gov/mesh/D011236,350,c_350,http://nlp_microbe.ccnu.edu.cn/entity/C10172,9.510397812406831e-27,neg
102,d_102,http://id.nlm.nih.gov/mesh/D011236,439,c_439,http://nlp_microbe.ccnu.edu.cn/entity/C10172,9.510397812406831e-27,neg
102,d_102,http://id.nlm.nih.gov/mesh/D011236,245,c_245,http://nlp_microbe.ccnu.edu.cn/entity/C10172,4.6694619398181115e-27,neg
102,d_102,http://id.nlm.nih.gov/mesh/D011236,266,c_266,http://nlp_microbe.ccnu.edu.cn/entity/C10172,9.510397812406831e-27,neg
102,d_102,http://id.nlm.nih.gov/mesh/D011236,487,c_487,http://nlp_microbe.ccnu.edu.cn/entity/C10172,4.6694619398181115e-27,neg
102,d_102,http://id.nlm.nih.gov/mesh/D011236,409,c_409,http://nlp_microbe.ccnu.edu.cn/entity/C10172,4.6694619398181115e-27,neg
102,d_102,http://id.nlm.nih.gov/mesh/D011236,396,c_396,http://nlp_microbe.ccnu.edu.cn/entity/C10172,4.6694619398181115e-27,neg
102,d_102,http://id.nlm.nih.gov/mesh/D011236,191,c_191,http://nlp_microbe.ccnu.edu.cn/entity/C10172,9.510397812406831e-27,neg
102,d_102,http://id.nlm.nih.gov/mesh/D011236,445,c_445,http://nlp_microbe.ccnu.edu.cn/entity/C10172,9.510397812406831e-27,neg
102,d_102,http://id.nlm.nih.gov/mesh/D011236,487,c_487,http://nlp_microbe.ccnu.edu.cn/entity/C10172,4.6694619398181115e-27,neg
102,d_102,http://id.nlm.nih.gov/mesh/D011236,28,c_28,http://nlp_microbe.ccnu.edu.cn/entity/C10172,9.510397812406831e-27,neg
102,d_102,http://id.nlm.nih.gov/mesh/D011236,117,c_117,http://nlp_microbe.ccnu.edu.cn/entity/C10172,9.510397812406831e-27,neg
102,d_102,http://id.nlm.nih.gov/mesh/D011236,114,c_114,http://nlp_microbe.ccnu.edu.cn/entity/C10172,4.6694619398181115e-27,neg
102,d_102,http://id.nlm.nih.gov/mesh/D011236,494,c_494,http://nlp_microbe.ccnu.edu.cn/entity/C10172,4.6694619398181115e-27,neg
102,d_102,http://id.nlm.nih.gov/mesh/D011236,202,c_202,http://nlp_microbe.ccnu.edu.cn/entity/C10172,4.6694619398181115e-27,neg
102,d_102,http://id.nlm.nih.gov/mesh/D011236,314,c_314,http://nlp_microbe.ccnu.edu.cn/entity/C10172,9.510397812406831e-27,neg
102,d_102,http://id.nlm.nih.gov/mesh/D011236,140,c_140,http://nlp_microbe.ccnu.edu.cn/entity/C10172,9.510397812406831e-27,neg
102,d_102,http://id.nlm.nih.gov/mesh/D011236,467,c_467,http://nlp_microbe.ccnu.edu.cn/entity/C10172,4.6694619398181115e-27,neg
102,d_102,http://id.nlm.nih.gov/mesh/D011236,207,c_207,http://nlp_microbe.ccnu.edu.cn/entity/C10172,9.510397812406831e-27,neg
102,d_102,http://id.nlm.nih.gov/mesh/D011236,502,c_502,http://nlp_microbe.ccnu.edu.cn/entity/C10172,9.510397812406831e-27,neg
102,d_102,http://id.nlm.nih.gov/mesh/D011236,266,c_266,http://nlp_microbe.ccnu.edu.cn/entity/C10172,9.510397812406831e-27,neg
102,d_102,http://id.nlm.nih.gov/mesh/D011236,263,c_263,http://nlp_microbe.ccnu.edu.cn/entity/C10172,4.6694619398181115e-27,neg
102,d_102,http://id.nlm.nih.gov/mesh/D011236,248,c_248,http://nlp_microbe.ccnu.edu.cn/entity/C10172,9.510397812406831e-27,neg
102,d_102,http://id.nlm.nih.gov/mesh/D011236,168,c_168,http://nlp_microbe.ccnu.edu.cn/entity/C10172,9.510397812406831e-27,neg
102,d_102,http://id.nlm.nih.gov/mesh/D011236,390,c_390,http://nlp_microbe.ccnu.edu.cn/entity/C10172,9.510397812406831e-27,neg
102,d_102,http://id.nlm.nih.gov/mesh/D011236,316,c_316,http://nlp_microbe.ccnu.edu.cn/entity/C10172,4.6694619398181115e-27,neg
102,d_102,http://id.nlm.nih.gov/mesh/D011236,164,c_164,http://nlp_microbe.ccnu.edu.cn/entity/C10172,9.510397812406831e-27,neg
102,d_102,http://id.nlm.nih.gov/mesh/D011236,190,c_190,http://nlp_microbe.ccnu.edu.cn/entity/C10172,9.510397812406831e-27,neg
102,d_102,http://id.nlm.nih.gov/mesh/D011236,289,c_289,http://nlp_microbe.ccnu.edu.cn/entity/C10172,9.510397812406831e-27,neg
102,d_102,http://id.nlm.nih.gov/mesh/D011236,402,c_402,http://nlp_microbe.ccnu.edu.cn/entity/C10172,4.6694619398181115e-27,neg
102,d_102,http://id.nlm.nih.gov/mesh/D011236,201,c_201,http://nlp_microbe.ccnu.edu.cn/entity/C10172,9.510397812406831e-27,neg
102,d_102,http://id.nlm.nih.gov/mesh/D011236,181,c_181,http://nlp_microbe.ccnu.edu.cn/entity/C10172,4.6694619398181115e-27,neg
102,d_102,http://id.nlm.nih.gov/mesh/D011236,430,c_430,http://nlp_microbe.ccnu.edu.cn/entity/C10172,9.510397812406831e-27,neg
102,d_102,http://id.nlm.nih.gov/mesh/D011236,279,c_279,http://nlp_microbe.ccnu.edu.cn/entity/C10172,9.510397812406831e-27,neg
102,d_102,http://id.nlm.nih.gov/mesh/D011236,398,c_398,http://nlp_microbe.ccnu.edu.cn/entity/C10172,9.510397812406831e-27,neg
102,d_102,http://id.nlm.nih.gov/mesh/D011236,124,c_124,http://nlp_microbe.ccnu.edu.cn/entity/C10172,4.6694619398181115e-27,neg
102,d_102,http://id.nlm.nih.gov/mesh/D011236,501,c_501,http://nlp_microbe.ccnu.edu.cn/entity/C10172,9.510397812406831e-27,neg
102,d_102,http://id.nlm.nih.gov/mesh/D011236,499,c_499,http://nlp_microbe.ccnu.edu.cn/entity/C10172,9.510397812406831e-27,neg
102,d_102,http://id.nlm.nih.gov/mesh/D011236,263,c_263,http://nlp_microbe.ccnu.edu.cn/entity/C10172,4.6694619398181115e-27,neg
102,d_102,http://id.nlm.nih.gov/mesh/D011236,25,c_25,http://nlp_microbe.ccnu.edu.cn/entity/C10172,4.6694619398181115e-27,neg
102,d_102,http://id.nlm.nih.gov/mesh/D011236,438,c_438,http://nlp_microbe.ccnu.edu.cn/entity/C10172,9.510397812406831e-27,neg
102,d_102,http://id.nlm.nih.gov/mesh/D011236,320,c_320,http://nlp_microbe.ccnu.edu.cn/entity/C10172,4.6694619398181115e-27,neg
102,d_102,http://id.nlm.nih.gov/mesh/D011236,212,c_212,http://nlp_microbe.ccnu.edu.cn/entity/C10172,4.6694619398181115e-27,neg
102,d_102,http://id.nlm.nih.gov/mesh/D011236,178,c_178,http://nlp_microbe.ccnu.edu.cn/entity/C10172,4.6694619398181115e-27,neg
102,d_102,http://id.nlm.nih.gov/mesh/D011236,128,c_128,http://nlp_microbe.ccnu.edu.cn/entity/C10172,4.6694619398181115e-27,neg
102,d_102,http://id.nlm.nih.gov/mesh/D011236,14,c_14,http://nlp_microbe.ccnu.edu.cn/entity/C10172,9.510397812406831e-27,neg
102,d_102,http://id.nlm.nih.gov/mesh/D011236,309,c_309,http://nlp_microbe.ccnu.edu.cn/entity/C10172,9.510397812406831e-27,neg
102,d_102,http://id.nlm.nih.gov/mesh/D011236,73,c_73,http://nlp_microbe.ccnu.edu.cn/entity/C10172,9.510397812406831e-27,neg
102,d_102,http://id.nlm.nih.gov/mesh/D011236,152,c_152,http://nlp_microbe.ccnu.edu.cn/entity/C10172,4.6694619398181115e-27,neg
102,d_102,http://id.nlm.nih.gov/mesh/D011236,26,c_26,http://nlp_microbe.ccnu.edu.cn/entity/C10172,4.6694619398181115e-27,neg
102,d_102,http://id.nlm.nih.gov/mesh/D011236,81,c_81,http://nlp_microbe.ccnu.edu.cn/entity/C10172,9.510397812406831e-27,neg
102,d_102,http://id.nlm.nih.gov/mesh/D011236,319,c_319,http://nlp_microbe.ccnu.edu.cn/entity/C10172,4.6694619398181115e-27,neg
102,d_102,http://id.nlm.nih.gov/mesh/D011236,419,c_419,http://nlp_microbe.ccnu.edu.cn/entity/C10172,4.6694619398181115e-27,neg
102,d_102,http://id.nlm.nih.gov/mesh/D011236,421,c_421,http://nlp_microbe.ccnu.edu.cn/entity/C10172,9.510397812406831e-27,neg
102,d_102,http://id.nlm.nih.gov/mesh/D011236,291,c_291,http://nlp_microbe.ccnu.edu.cn/entity/C10172,9.510397812406831e-27,neg
102,d_102,http://id.nlm.nih.gov/mesh/D011236,204,c_204,http://nlp_microbe.ccnu.edu.cn/entity/C10172,4.6694619398181115e-27,neg
102,d_102,http://id.nlm.nih.gov/mesh/D011236,105,c_105,http://nlp_microbe.ccnu.edu.cn/entity/C10172,4.6694619398181115e-27,neg
102,d_102,http://id.nlm.nih.gov/mesh/D011236,492,c_492,http://nlp_microbe.ccnu.edu.cn/entity/C10172,4.6694619398181115e-27,neg
102,d_102,http://id.nlm.nih.gov/mesh/D011236,253,c_253,http://nlp_microbe.ccnu.edu.cn/entity/C10172,4.6694619398181115e-27,neg
102,d_102,http://id.nlm.nih.gov/mesh/D011236,366,c_366,http://nlp_microbe.ccnu.edu.cn/entity/C10172,9.510397812406831e-27,neg
102,d_102,http://id.nlm.nih.gov/mesh/D011236,236,c_236,http://nlp_microbe.ccnu.edu.cn/entity/C10172,4.6694619398181115e-27,neg
102,d_102,http://id.nlm.nih.gov/mesh/D011236,132,c_132,http://nlp_microbe.ccnu.edu.cn/entity/C10172,4.6694619398181115e-27,neg
102,d_102,http://id.nlm.nih.gov/mesh/D011236,387,c_387,http://nlp_microbe.ccnu.edu.cn/entity/C10172,4.6694619398181115e-27,neg
102,d_102,http://id.nlm.nih.gov/mesh/D011236,140,c_140,http://nlp_microbe.ccnu.edu.cn/entity/C10172,9.510397812406831e-27,neg
102,d_102,http://id.nlm.nih.gov/mesh/D011236,449,c_449,http://nlp_microbe.ccnu.edu.cn/entity/C10172,4.6694619398181115e-27,neg
102,d_102,http://id.nlm.nih.gov/mesh/D011236,161,c_161,http://nlp_microbe.ccnu.edu.cn/entity/C10172,4.6694619398181115e-27,neg
102,d_102,http://id.nlm.nih.gov/mesh/D011236,286,c_286,http://nlp_microbe.ccnu.edu.cn/entity/C10172,4.6694619398181115e-27,neg
102,d_102,http://id.nlm.nih.gov/mesh/D011236,36,c_36,http://nlp_microbe.ccnu.edu.cn/entity/C10172,9.510397812406831e-27,neg
102,d_102,http://id.nlm.nih.gov/mesh/D011236,215,c_215,http://nlp_microbe.ccnu.edu.cn/entity/C10172,9.510397812406831e-27,neg
102,d_102,http://id.nlm.nih.gov/mesh/D011236,276,c_276,http://nlp_microbe.ccnu.edu.cn/entity/C10172,4.6694619398181115e-27,neg
102,d_102,http://id.nlm.nih.gov/mesh/D011236,57,c_57,http://nlp_microbe.ccnu.edu.cn/entity/C10172,9.510397812406831e-27,neg
102,d_102,http://id.nlm.nih.gov/mesh/D011236,199,c_199,http://nlp_microbe.ccnu.edu.cn/entity/C10172,9.510397812406831e-27,neg
102,d_102,http://id.nlm.nih.gov/mesh/D011236,486,c_486,http://nlp_microbe.ccnu.edu.cn/entity/C10172,9.510397812406831e-27,neg
102,d_102,http://id.nlm.nih.gov/mesh/D011236,161,c_161,http://nlp_microbe.ccnu.edu.cn/entity/C10172,4.6694619398181115e-27,neg
102,d_102,http://id.nlm.nih.gov/mesh/D011236,268,c_268,http://nlp_microbe.ccnu.edu.cn/entity/C10172,4.6694619398181115e-27,neg
102,d_102,http://id.nlm.nih.gov/mesh/D011236,258,c_258,http://nlp_microbe.ccnu.edu.cn/entity/C10172,9.510397812406831e-27,neg
102,d_102,http://id.nlm.nih.gov/mesh/D011236,344,c_344,http://nlp_microbe.ccnu.edu.cn/entity/C10172,9.510397812406831e-27,neg
102,d_102,http://id.nlm.nih.gov/mesh/D011236,57,c_57,http://nlp_microbe.ccnu.edu.cn/entity/C10172,9.510397812406831e-27,neg
102,d_102,http://id.nlm.nih.gov/mesh/D011236,151,c_151,http://nlp_microbe.ccnu.edu.cn/entity/C10172,9.510397812406831e-27,neg
102,d_102,http://id.nlm.nih.gov/mesh/D011236,267,c_267,http://nlp_microbe.ccnu.edu.cn/entity/C10172,9.510397812406831e-27,neg
102,d_102,http://id.nlm.nih.gov/mesh/D011236,183,c_183,http://nlp_microbe.ccnu.edu.cn/entity/C10172,9.510397812406831e-27,neg
102,d_102,http://id.nlm.nih.gov/mesh/D011236,103,c_103,http://nlp_microbe.ccnu.edu.cn/entity/C10172,9.510397812406831e-27,neg
102,d_102,http://id.nlm.nih.gov/mesh/D011236,474,c_474,http://nlp_microbe.ccnu.edu.cn/entity/C10172,4.6694619398181115e-27,neg
102,d_102,http://id.nlm.nih.gov/mesh/D011236,49,c_49,http://nlp_microbe.ccnu.edu.cn/entity/C10172,9.510397812406831e-27,neg
102,d_102,http://id.nlm.nih.gov/mesh/D011236,499,c_499,http://nlp_microbe.ccnu.edu.cn/entity/C10172,9.510397812406831e-27,neg
102,d_102,http://id.nlm.nih.gov/mesh/D011236,243,c_243,http://nlp_microbe.ccnu.edu.cn/entity/C10172,4.6694619398181115e-27,neg
102,d_102,http://id.nlm.nih.gov/mesh/D011236,302,c_302,http://nlp_microbe.ccnu.edu.cn/entity/C10172,9.510397812406831e-27,neg
102,d_102,http://id.nlm.nih.gov/mesh/D011236,36,c_36,http://nlp_microbe.ccnu.edu.cn/entity/C10172,9.510397812406831e-27,neg
102,d_102,http://id.nlm.nih.gov/mesh/D011236,54,c_54,http://nlp_microbe.ccnu.edu.cn/entity/C10172,9.510397812406831e-27,neg
102,d_102,http://id.nlm.nih.gov/mesh/D011236,383,c_383,http://nlp_microbe.ccnu.edu.cn/entity/C10172,9.510397812406831e-27,neg
102,d_102,http://id.nlm.nih.gov/mesh/D011236,3,c_3,http://nlp_microbe.ccnu.edu.cn/entity/C10172,4.6694619398181115e-27,neg
102,d_102,http://id.nlm.nih.gov/mesh/D011236,360,c_360,http://nlp_microbe.ccnu.edu.cn/entity/C10172,4.6694619398181115e-27,neg
102,d_102,http://id.nlm.nih.gov/mesh/D011236,23,c_23,http://nlp_microbe.ccnu.edu.cn/entity/C10172,4.6694619398181115e-27,neg
102,d_102,http://id.nlm.nih.gov/mesh/D011236,193,c_193,http://nlp_microbe.ccnu.edu.cn/entity/C10172,9.510397812406831e-27,neg
102,d_102,http://id.nlm.nih.gov/mesh/D011236,511,c_511,http://nlp_microbe.ccnu.edu.cn/entity/C10172,4.6694619398181115e-27,neg
102,d_102,http://id.nlm.nih.gov/mesh/D011236,333,c_333,http://nlp_microbe.ccnu.edu.cn/entity/C10172,9.510397812406831e-27,neg
102,d_102,http://id.nlm.nih.gov/mesh/D011236,268,c_268,http://nlp_microbe.ccnu.edu.cn/entity/C10172,4.6694619398181115e-27,neg
102,d_102,http://id.nlm.nih.gov/mesh/D011236,70,c_70,http://nlp_microbe.ccnu.edu.cn/entity/C10172,9.510397812406831e-27,neg
102,d_102,http://id.nlm.nih.gov/mesh/D011236,234,c_234,http://nlp_microbe.ccnu.edu.cn/entity/C10172,4.6694619398181115e-27,neg
102,d_102,http://id.nlm.nih.gov/mesh/D011236,130,c_130,http://nlp_microbe.ccnu.edu.cn/entity/C10172,4.6694619398181115e-27,neg
102,d_102,http://id.nlm.nih.gov/mesh/D011236,69,c_69,http://nlp_microbe.ccnu.edu.cn/entity/C10172,9.510397812406831e-27,neg
102,d_102,http://id.nlm.nih.gov/mesh/D011236,267,c_267,http://nlp_microbe.ccnu.edu.cn/entity/C10172,9.510397812406831e-27,neg
102,d_102,http://id.nlm.nih.gov/mesh/D011236,32,c_32,http://nlp_microbe.ccnu.edu.cn/entity/C10172,4.6694619398181115e-27,neg
102,d_102,http://id.nlm.nih.gov/mesh/D011236,236,c_236,http://nlp_microbe.ccnu.edu.cn/entity/C10172,4.6694619398181115e-27,neg
102,d_102,http://id.nlm.nih.gov/mesh/D011236,39,c_39,http://nlp_microbe.ccnu.edu.cn/entity/C10172,9.510397812406831e-27,neg
102,d_102,http://id.nlm.nih.gov/mesh/D011236,369,c_369,http://nlp_microbe.ccnu.edu.cn/entity/C10172,4.6694619398181115e-27,neg
102,d_102,http://id.nlm.nih.gov/mesh/D011236,446,c_446,http://nlp_microbe.ccnu.edu.cn/entity/C10172,9.510397812406831e-27,neg
102,d_102,http://id.nlm.nih.gov/mesh/D011236,100,c_100,http://nlp_microbe.ccnu.edu.cn/entity/C10172,4.6694619398181115e-27,neg
102,d_102,http://id.nlm.nih.gov/mesh/D011236,12,c_12,http://nlp_microbe.ccnu.edu.cn/entity/C10172,9.510397812406831e-27,neg
102,d_102,http://id.nlm.nih.gov/mesh/D011236,345,c_345,http://nlp_microbe.ccnu.edu.cn/entity/C10172,4.6694619398181115e-27,neg
102,d_102,http://id.nlm.nih.gov/mesh/D011236,161,c_161,http://nlp_microbe.ccnu.edu.cn/entity/C10172,4.6694619398181115e-27,neg
102,d_102,http://id.nlm.nih.gov/mesh/D011236,479,c_479,http://nlp_microbe.ccnu.edu.cn/entity/C10172,9.510397812406831e-27,neg
102,d_102,http://id.nlm.nih.gov/mesh/D011236,397,c_397,http://nlp_microbe.ccnu.edu.cn/entity/C10172,9.510397812406831e-27,neg
102,d_102,http://id.nlm.nih.gov/mesh/D011236,21,c_21,http://nlp_microbe.ccnu.edu.cn/entity/C10172,4.6694619398181115e-27,neg
102,d_102,http://id.nlm.nih.gov/mesh/D011236,399,c_399,http://nlp_microbe.ccnu.edu.cn/entity/C10172,4.6694619398181115e-27,neg
102,d_102,http://id.nlm.nih.gov/mesh/D011236,423,c_423,http://nlp_microbe.ccnu.edu.cn/entity/C10172,9.510397812406831e-27,neg
102,d_102,http://id.nlm.nih.gov/mesh/D011236,496,c_496,http://nlp_microbe.ccnu.edu.cn/entity/C10172,4.6694619398181115e-27,neg
102,d_102,http://id.nlm.nih.gov/mesh/D011236,420,c_420,http://nlp_microbe.ccnu.edu.cn/entity/C10172,4.6694619398181115e-27,neg
102,d_102,http://id.nlm.nih.gov/mesh/D011236,56,c_56,http://nlp_microbe.ccnu.edu.cn/entity/C10172,9.510397812406831e-27,neg
102,d_102,http://id.nlm.nih.gov/mesh/D011236,309,c_309,http://nlp_microbe.ccnu.edu.cn/entity/C10172,9.510397812406831e-27,neg
102,d_102,http://id.nlm.nih.gov/mesh/D011236,268,c_268,http://nlp_microbe.ccnu.edu.cn/entity/C10172,4.6694619398181115e-27,neg
102,d_102,http://id.nlm.nih.gov/mesh/D011236,27,c_27,http://nlp_microbe.ccnu.edu.cn/entity/C10172,4.6694619398181115e-27,neg
102,d_102,http://id.nlm.nih.gov/mesh/D011236,336,c_336,http://nlp_microbe.ccnu.edu.cn/entity/C10172,4.6694619398181115e-27,neg
102,d_102,http://id.nlm.nih.gov/mesh/D011236,136,c_136,http://nlp_microbe.ccnu.edu.cn/entity/C10172,4.6694619398181115e-27,neg
102,d_102,http://id.nlm.nih.gov/mesh/D011236,154,c_154,http://nlp_microbe.ccnu.edu.cn/entity/C10172,9.510397812406831e-27,neg
102,d_102,http://id.nlm.nih.gov/mesh/D011236,128,c_128,http://nlp_microbe.ccnu.edu.cn/entity/C10172,4.6694619398181115e-27,neg
102,d_102,http://id.nlm.nih.gov/mesh/D011236,166,c_166,http://nlp_microbe.ccnu.edu.cn/entity/C10172,9.510397812406831e-27,neg
102,d_102,http://id.nlm.nih.gov/mesh/D011236,287,c_287,http://nlp_microbe.ccnu.edu.cn/entity/C10172,4.6694619398181115e-27,neg
102,d_102,http://id.nlm.nih.gov/mesh/D011236,245,c_245,http://nlp_microbe.ccnu.edu.cn/entity/C10172,4.6694619398181115e-27,neg
102,d_102,http://id.nlm.nih.gov/mesh/D011236,61,c_61,http://nlp_microbe.ccnu.edu.cn/entity/C10172,9.510397812406831e-27,neg
102,d_102,http://id.nlm.nih.gov/mesh/D011236,304,c_304,http://nlp_microbe.ccnu.edu.cn/entity/C10172,9.510397812406831e-27,neg
102,d_102,http://id.nlm.nih.gov/mesh/D011236,129,c_129,http://nlp_microbe.ccnu.edu.cn/entity/C10172,4.6694619398181115e-27,neg
102,d_102,http://id.nlm.nih.gov/mesh/D011236,179,c_179,http://nlp_microbe.ccnu.edu.cn/entity/C10172,4.6694619398181115e-27,neg
102,d_102,http://id.nlm.nih.gov/mesh/D011236,510,c_510,http://nlp_microbe.ccnu.edu.cn/entity/C10172,9.510397812406831e-27,neg
102,d_102,http://id.nlm.nih.gov/mesh/D011236,92,c_92,http://nlp_microbe.ccnu.edu.cn/entity/C10172,4.6694619398181115e-27,neg
102,d_102,http://id.nlm.nih.gov/mesh/D011236,337,c_337,http://nlp_microbe.ccnu.edu.cn/entity/C10172,9.510397812406831e-27,neg
102,d_102,http://id.nlm.nih.gov/mesh/D011236,481,c_481,http://nlp_microbe.ccnu.edu.cn/entity/C10172,9.510397812406831e-27,neg
102,d_102,http://id.nlm.nih.gov/mesh/D011236,189,c_189,http://nlp_microbe.ccnu.edu.cn/entity/C10172,9.510397812406831e-27,neg
102,d_102,http://id.nlm.nih.gov/mesh/D011236,412,c_412,http://nlp_microbe.ccnu.edu.cn/entity/C10172,9.510397812406831e-27,neg
102,d_102,http://id.nlm.nih.gov/mesh/D011236,153,c_153,http://nlp_microbe.ccnu.edu.cn/entity/C10172,4.6694619398181115e-27,neg
102,d_102,http://id.nlm.nih.gov/mesh/D011236,401,c_401,http://nlp_microbe.ccnu.edu.cn/entity/C10172,4.6694619398181115e-27,neg
102,d_102,http://id.nlm.nih.gov/mesh/D011236,154,c_154,http://nlp_microbe.ccnu.edu.cn/entity/C10172,9.510397812406831e-27,neg
102,d_102,http://id.nlm.nih.gov/mesh/D011236,294,c_294,http://nlp_microbe.ccnu.edu.cn/entity/C10172,9.510397812406831e-27,neg
102,d_102,http://id.nlm.nih.gov/mesh/D011236,12,c_12,http://nlp_microbe.ccnu.edu.cn/entity/C10172,9.510397812406831e-27,neg
102,d_102,http://id.nlm.nih.gov/mesh/D011236,387,c_387,http://nlp_microbe.ccnu.edu.cn/entity/C10172,4.6694619398181115e-27,neg
102,d_102,http://id.nlm.nih.gov/mesh/D011236,61,c_61,http://nlp_microbe.ccnu.edu.cn/entity/C10172,9.510397812406831e-27,neg
102,d_102,http://id.nlm.nih.gov/mesh/D011236,204,c_204,http://nlp_microbe.ccnu.edu.cn/entity/C10172,4.6694619398181115e-27,neg
102,d_102,http://id.nlm.nih.gov/mesh/D011236,363,c_363,http://nlp_microbe.ccnu.edu.cn/entity/C10172,4.6694619398181115e-27,neg
102,d_102,http://id.nlm.nih.gov/mesh/D011236,501,c_501,http://nlp_microbe.ccnu.edu.cn/entity/C10172,9.510397812406831e-27,neg
102,d_102,http://id.nlm.nih.gov/mesh/D011236,366,c_366,http://nlp_microbe.ccnu.edu.cn/entity/C10172,9.510397812406831e-27,neg
102,d_102,http://id.nlm.nih.gov/mesh/D011236,69,c_69,http://nlp_microbe.ccnu.edu.cn/entity/C10172,9.510397812406831e-27,neg
102,d_102,http://id.nlm.nih.gov/mesh/D011236,282,c_282,http://nlp_microbe.ccnu.edu.cn/entity/C10172,4.6694619398181115e-27,neg
102,d_102,http://id.nlm.nih.gov/mesh/D011236,397,c_397,http://nlp_microbe.ccnu.edu.cn/entity/C10172,9.510397812406831e-27,neg
102,d_102,http://id.nlm.nih.gov/mesh/D011236,275,c_275,http://nlp_microbe.ccnu.edu.cn/entity/C10172,9.510397812406831e-27,neg
102,d_102,http://id.nlm.nih.gov/mesh/D011236,77,c_77,http://nlp_microbe.ccnu.edu.cn/entity/C10172,4.6694619398181115e-27,neg
102,d_102,http://id.nlm.nih.gov/mesh/D011236,341,c_341,http://nlp_microbe.ccnu.edu.cn/entity/C10172,9.510397812406831e-27,neg
102,d_102,http://id.nlm.nih.gov/mesh/D011236,78,c_78,http://nlp_microbe.ccnu.edu.cn/entity/C10172,4.6694619398181115e-27,neg
102,d_102,http://id.nlm.nih.gov/mesh/D011236,510,c_510,http://nlp_microbe.ccnu.edu.cn/entity/C10172,9.510397812406831e-27,neg
102,d_102,http://id.nlm.nih.gov/mesh/D011236,364,c_364,http://nlp_microbe.ccnu.edu.cn/entity/C10172,9.510397812406831e-27,neg
102,d_102,http://id.nlm.nih.gov/mesh/D011236,27,c_27,http://nlp_microbe.ccnu.edu.cn/entity/C10172,4.6694619398181115e-27,neg
102,d_102,http://id.nlm.nih.gov/mesh/D011236,85,c_85,http://nlp_microbe.ccnu.edu.cn/entity/C10172,9.510397812406831e-27,neg
102,d_102,http://id.nlm.nih.gov/mesh/D011236,439,c_439,http://nlp_microbe.ccnu.edu.cn/entity/C10172,9.510397812406831e-27,neg
102,d_102,http://id.nlm.nih.gov/mesh/D011236,296,c_296,http://nlp_microbe.ccnu.edu.cn/entity/C10172,4.6694619398181115e-27,neg
102,d_102,http://id.nlm.nih.gov/mesh/D011236,147,c_147,http://nlp_microbe.ccnu.edu.cn/entity/C10172,4.6694619398181115e-27,neg
102,d_102,http://id.nlm.nih.gov/mesh/D011236,354,c_354,http://nlp_microbe.ccnu.edu.cn/entity/C10172,9.510397812406831e-27,neg
102,d_102,http://id.nlm.nih.gov/mesh/D011236,414,c_414,http://nlp_microbe.ccnu.edu.cn/entity/C10172,9.510397812406831e-27,neg
102,d_102,http://id.nlm.nih.gov/mesh/D011236,199,c_199,http://nlp_microbe.ccnu.edu.cn/entity/C10172,9.510397812406831e-27,neg
102,d_102,http://id.nlm.nih.gov/mesh/D011236,50,c_50,http://nlp_microbe.ccnu.edu.cn/entity/C10172,9.510397812406831e-27,neg
102,d_102,http://id.nlm.nih.gov/mesh/D011236,491,c_491,http://nlp_microbe.ccnu.edu.cn/entity/C10172,4.6694619398181115e-27,neg
102,d_102,http://id.nlm.nih.gov/mesh/D011236,124,c_124,http://nlp_microbe.ccnu.edu.cn/entity/C10172,4.6694619398181115e-27,neg
102,d_102,http://id.nlm.nih.gov/mesh/D011236,352,c_352,http://nlp_microbe.ccnu.edu.cn/entity/C10172,4.6694619398181115e-27,neg
102,d_102,http://id.nlm.nih.gov/mesh/D011236,470,c_470,http://nlp_microbe.ccnu.edu.cn/entity/C10172,9.510397812406831e-27,neg
102,d_102,http://id.nlm.nih.gov/mesh/D011236,94,c_94,http://nlp_microbe.ccnu.edu.cn/entity/C10172,9.510397812406831e-27,neg
102,d_102,http://id.nlm.nih.gov/mesh/D011236,304,c_304,http://nlp_microbe.ccnu.edu.cn/entity/C10172,9.510397812406831e-27,neg
102,d_102,http://id.nlm.nih.gov/mesh/D011236,280,c_280,http://nlp_microbe.ccnu.edu.cn/entity/C10172,9.510397812406831e-27,neg
102,d_102,http://id.nlm.nih.gov/mesh/D011236,433,c_433,http://nlp_microbe.ccnu.edu.cn/entity/C10172,4.6694619398181115e-27,neg
102,d_102,http://id.nlm.nih.gov/mesh/D011236,171,c_171,http://nlp_microbe.ccnu.edu.cn/entity/C10172,9.510397812406831e-27,neg
102,d_102,http://id.nlm.nih.gov/mesh/D011236,108,c_108,http://nlp_microbe.ccnu.edu.cn/entity/C10172,9.510397812406831e-27,neg
102,d_102,http://id.nlm.nih.gov/mesh/D011236,408,c_408,http://nlp_microbe.ccnu.edu.cn/entity/C10172,4.6694619398181115e-27,neg
102,d_102,http://id.nlm.nih.gov/mesh/D011236,491,c_491,http://nlp_microbe.ccnu.edu.cn/entity/C10172,4.6694619398181115e-27,neg
102,d_102,http://id.nlm.nih.gov/mesh/D011236,332,c_332,http://nlp_microbe.ccnu.edu.cn/entity/C10172,9.510397812406831e-27,neg
102,d_102,http://id.nlm.nih.gov/mesh/D011236,6,c_6,http://nlp_microbe.ccnu.edu.cn/entity/C10172,4.6694619398181115e-27,neg
102,d_102,http://id.nlm.nih.gov/mesh/D011236,173,c_173,http://nlp_microbe.ccnu.edu.cn/entity/C10172,9.510397812406831e-27,neg
102,d_102,http://id.nlm.nih.gov/mesh/D011236,393,c_393,http://nlp_microbe.ccnu.edu.cn/entity/C10172,9.510397812406831e-27,neg
102,d_102,http://id.nlm.nih.gov/mesh/D011236,350,c_350,http://nlp_microbe.ccnu.edu.cn/entity/C10172,9.510397812406831e-27,neg
102,d_102,http://id.nlm.nih.gov/mesh/D011236,440,c_440,http://nlp_microbe.ccnu.edu.cn/entity/C10172,9.510397812406831e-27,neg
102,d_102,http://id.nlm.nih.gov/mesh/D011236,480,c_480,http://nlp_microbe.ccnu.edu.cn/entity/C10172,4.6694619398181115e-27,neg
102,d_102,http://id.nlm.nih.gov/mesh/D011236,420,c_420,http://nlp_microbe.ccnu.edu.cn/entity/C10172,4.6694619398181115e-27,neg
102,d_102,http://id.nlm.nih.gov/mesh/D011236,280,c_280,http://nlp_microbe.ccnu.edu.cn/entity/C10172,9.510397812406831e-27,neg
102,d_102,http://id.nlm.nih.gov/mesh/D011236,288,c_288,http://nlp_microbe.ccnu.edu.cn/entity/C10172,4.6694619398181115e-27,neg
102,d_102,http://id.nlm.nih.gov/mesh/D011236,354,c_354,http://nlp_microbe.ccnu.edu.cn/entity/C10172,9.510397812406831e-27,neg
102,d_102,http://id.nlm.nih.gov/mesh/D011236,113,c_113,http://nlp_microbe.ccnu.edu.cn/entity/C10172,4.6694619398181115e-27,neg
102,d_102,http://id.nlm.nih.gov/mesh/D011236,252,c_252,http://nlp_microbe.ccnu.edu.cn/entity/C10172,9.510397812406831e-27,neg
102,d_102,http://id.nlm.nih.gov/mesh/D011236,32,c_32,http://nlp_microbe.ccnu.edu.cn/entity/C10172,4.6694619398181115e-27,neg
102,d_102,http://id.nlm.nih.gov/mesh/D011236,340,c_340,http://nlp_microbe.ccnu.edu.cn/entity/C10172,9.510397812406831e-27,neg
102,d_102,http://id.nlm.nih.gov/mesh/D011236,257,c_257,http://nlp_microbe.ccnu.edu.cn/entity/C10172,9.510397812406831e-27,neg
102,d_102,http://id.nlm.nih.gov/mesh/D011236,255,c_255,http://nlp_microbe.ccnu.edu.cn/entity/C10172,4.6694619398181115e-27,neg
102,d_102,http://id.nlm.nih.gov/mesh/D011236,456,c_456,http://nlp_microbe.ccnu.edu.cn/entity/C10172,9.510397812406831e-27,neg
102,d_102,http://id.nlm.nih.gov/mesh/D011236,258,c_258,http://nlp_microbe.ccnu.edu.cn/entity/C10172,9.510397812406831e-27,neg
102,d_102,http://id.nlm.nih.gov/mesh/D011236,98,c_98,http://nlp_microbe.ccnu.edu.cn/entity/C10172,9.510397812406831e-27,neg
102,d_102,http://id.nlm.nih.gov/mesh/D011236,458,c_458,http://nlp_microbe.ccnu.edu.cn/entity/C10172,9.510397812406831e-27,neg
102,d_102,http://id.nlm.nih.gov/mesh/D011236,15,c_15,http://nlp_microbe.ccnu.edu.cn/entity/C10172,4.6694619398181115e-27,neg
102,d_102,http://id.nlm.nih.gov/mesh/D011236,58,c_58,http://nlp_microbe.ccnu.edu.cn/entity/C10172,4.6694619398181115e-27,neg
102,d_102,http://id.nlm.nih.gov/mesh/D011236,285,c_285,http://nlp_microbe.ccnu.edu.cn/entity/C10172,9.510397812406831e-27,neg
102,d_102,http://id.nlm.nih.gov/mesh/D011236,505,c_505,http://nlp_microbe.ccnu.edu.cn/entity/C10172,4.6694619398181115e-27,neg
102,d_102,http://id.nlm.nih.gov/mesh/D011236,483,c_483,http://nlp_microbe.ccnu.edu.cn/entity/C10172,4.6694619398181115e-27,neg
102,d_102,http://id.nlm.nih.gov/mesh/D011236,29,c_29,http://nlp_microbe.ccnu.edu.cn/entity/C10172,9.510397812406831e-27,neg
102,d_102,http://id.nlm.nih.gov/mesh/D011236,198,c_198,http://nlp_microbe.ccnu.edu.cn/entity/C10172,9.510397812406831e-27,neg
102,d_102,http://id.nlm.nih.gov/mesh/D011236,233,c_233,http://nlp_microbe.ccnu.edu.cn/entity/C10172,9.510397812406831e-27,neg
102,d_102,http://id.nlm.nih.gov/mesh/D011236,248,c_248,http://nlp_microbe.ccnu.edu.cn/entity/C10172,9.510397812406831e-27,neg
102,d_102,http://id.nlm.nih.gov/mesh/D011236,217,c_217,http://nlp_microbe.ccnu.edu.cn/entity/C10172,9.510397812406831e-27,neg
102,d_102,http://id.nlm.nih.gov/mesh/D011236,157,c_157,http://nlp_microbe.ccnu.edu.cn/entity/C10172,4.6694619398181115e-27,neg
102,d_102,http://id.nlm.nih.gov/mesh/D011236,272,c_272,http://nlp_microbe.ccnu.edu.cn/entity/C10172,4.6694619398181115e-27,neg
102,d_102,http://id.nlm.nih.gov/mesh/D011236,236,c_236,http://nlp_microbe.ccnu.edu.cn/entity/C10172,4.6694619398181115e-27,neg
102,d_102,http://id.nlm.nih.gov/mesh/D011236,93,c_93,http://nlp_microbe.ccnu.edu.cn/entity/C10172,9.510397812406831e-27,neg
102,d_102,http://id.nlm.nih.gov/mesh/D011236,143,c_143,http://nlp_microbe.ccnu.edu.cn/entity/C10172,9.510397812406831e-27,neg
102,d_102,http://id.nlm.nih.gov/mesh/D011236,481,c_481,http://nlp_microbe.ccnu.edu.cn/entity/C10172,9.510397812406831e-27,neg
102,d_102,http://id.nlm.nih.gov/mesh/D011236,38,c_38,http://nlp_microbe.ccnu.edu.cn/entity/C10172,4.6694619398181115e-27,neg
102,d_102,http://id.nlm.nih.gov/mesh/D011236,508,c_508,http://nlp_microbe.ccnu.edu.cn/entity/C10172,9.510397812406831e-27,neg
102,d_102,http://id.nlm.nih.gov/mesh/D011236,250,c_250,http://nlp_microbe.ccnu.edu.cn/entity/C10172,4.6694619398181115e-27,neg
102,d_102,http://id.nlm.nih.gov/mesh/D011236,452,c_452,http://nlp_microbe.ccnu.edu.cn/entity/C10172,9.510397812406831e-27,neg
102,d_102,http://id.nlm.nih.gov/mesh/D011236,28,c_28,http://nlp_microbe.ccnu.edu.cn/entity/C10172,9.510397812406831e-27,neg
102,d_102,http://id.nlm.nih.gov/mesh/D011236,351,c_351,http://nlp_microbe.ccnu.edu.cn/entity/C10172,4.6694619398181115e-27,neg
102,d_102,http://id.nlm.nih.gov/mesh/D011236,336,c_336,http://nlp_microbe.ccnu.edu.cn/entity/C10172,4.6694619398181115e-27,neg
102,d_102,http://id.nlm.nih.gov/mesh/D011236,365,c_365,http://nlp_microbe.ccnu.edu.cn/entity/C10172,4.6694619398181115e-27,neg
102,d_102,http://id.nlm.nih.gov/mesh/D011236,180,c_180,http://nlp_microbe.ccnu.edu.cn/entity/C10172,9.510397812406831e-27,neg
102,d_102,http://id.nlm.nih.gov/mesh/D011236,424,c_424,http://nlp_microbe.ccnu.edu.cn/entity/C10172,4.6694619398181115e-27,neg
102,d_102,http://id.nlm.nih.gov/mesh/D011236,334,c_334,http://nlp_microbe.ccnu.edu.cn/entity/C10172,4.6694619398181115e-27,neg
102,d_102,http://id.nlm.nih.gov/mesh/D011236,376,c_376,http://nlp_microbe.ccnu.edu.cn/entity/C10172,4.6694619398181115e-27,neg
102,d_102,http://id.nlm.nih.gov/mesh/D011236,305,c_305,http://nlp_microbe.ccnu.edu.cn/entity/C10172,4.6694619398181115e-27,neg
102,d_102,http://id.nlm.nih.gov/mesh/D011236,141,c_141,http://nlp_microbe.ccnu.edu.cn/entity/C10172,4.6694619398181115e-27,neg
102,d_102,http://id.nlm.nih.gov/mesh/D011236,190,c_190,http://nlp_microbe.ccnu.edu.cn/entity/C10172,9.510397812406831e-27,neg
102,d_102,http://id.nlm.nih.gov/mesh/D011236,501,c_501,http://nlp_microbe.ccnu.edu.cn/entity/C10172,9.510397812406831e-27,neg
102,d_102,http://id.nlm.nih.gov/mesh/D011236,123,c_123,http://nlp_microbe.ccnu.edu.cn/entity/C10172,4.6694619398181115e-27,neg
102,d_102,http://id.nlm.nih.gov/mesh/D011236,144,c_144,http://nlp_microbe.ccnu.edu.cn/entity/C10172,9.510397812406831e-27,neg
102,d_102,http://id.nlm.nih.gov/mesh/D011236,493,c_493,http://nlp_microbe.ccnu.edu.cn/entity/C10172,9.510397812406831e-27,neg
102,d_102,http://id.nlm.nih.gov/mesh/D011236,197,c_197,http://nlp_microbe.ccnu.edu.cn/entity/C10172,4.6694619398181115e-27,neg
102,d_102,http://id.nlm.nih.gov/mesh/D011236,162,c_162,http://nlp_microbe.ccnu.edu.cn/entity/C10172,4.6694619398181115e-27,neg
102,d_102,http://id.nlm.nih.gov/mesh/D011236,369,c_369,http://nlp_microbe.ccnu.edu.cn/entity/C10172,4.6694619398181115e-27,neg
102,d_102,http://id.nlm.nih.gov/mesh/D011236,42,c_42,http://nlp_microbe.ccnu.edu.cn/entity/C10172,9.510397812406831e-27,neg
102,d_102,http://id.nlm.nih.gov/mesh/D011236,61,c_61,http://nlp_microbe.ccnu.edu.cn/entity/C10172,9.510397812406831e-27,neg
102,d_102,http://id.nlm.nih.gov/mesh/D011236,478,c_478,http://nlp_microbe.ccnu.edu.cn/entity/C10172,4.6694619398181115e-27,neg
102,d_102,http://id.nlm.nih.gov/mesh/D011236,59,c_59,http://nlp_microbe.ccnu.edu.cn/entity/C10172,4.6694619398181115e-27,neg
102,d_102,http://id.nlm.nih.gov/mesh/D011236,208,c_208,http://nlp_microbe.ccnu.edu.cn/entity/C10172,9.510397812406831e-27,neg
102,d_102,http://id.nlm.nih.gov/mesh/D011236,499,c_499,http://nlp_microbe.ccnu.edu.cn/entity/C10172,9.510397812406831e-27,neg
102,d_102,http://id.nlm.nih.gov/mesh/D011236,487,c_487,http://nlp_microbe.ccnu.edu.cn/entity/C10172,4.6694619398181115e-27,neg
102,d_102,http://id.nlm.nih.gov/mesh/D011236,503,c_503,http://nlp_microbe.ccnu.edu.cn/entity/C10172,9.510397812406831e-27,neg
102,d_102,http://id.nlm.nih.gov/mesh/D011236,138,c_138,http://nlp_microbe.ccnu.edu.cn/entity/C10172,4.6694619398181115e-27,neg
102,d_102,http://id.nlm.nih.gov/mesh/D011236,293,c_293,http://nlp_microbe.ccnu.edu.cn/entity/C10172,9.510397812406831e-27,neg
102,d_102,http://id.nlm.nih.gov/mesh/D011236,30,c_30,http://nlp_microbe.ccnu.edu.cn/entity/C10172,4.6694619398181115e-27,neg
102,d_102,http://id.nlm.nih.gov/mesh/D011236,262,c_262,http://nlp_microbe.ccnu.edu.cn/entity/C10172,9.510397812406831e-27,neg
102,d_102,http://id.nlm.nih.gov/mesh/D011236,157,c_157,http://nlp_microbe.ccnu.edu.cn/entity/C10172,4.6694619398181115e-27,neg
102,d_102,http://id.nlm.nih.gov/mesh/D011236,497,c_497,http://nlp_microbe.ccnu.edu.cn/entity/C10172,9.510397812406831e-27,neg
102,d_102,http://id.nlm.nih.gov/mesh/D011236,445,c_445,http://nlp_microbe.ccnu.edu.cn/entity/C10172,9.510397812406831e-27,neg
102,d_102,http://id.nlm.nih.gov/mesh/D011236,438,c_438,http://nlp_microbe.ccnu.edu.cn/entity/C10172,9.510397812406831e-27,neg
102,d_102,http://id.nlm.nih.gov/mesh/D011236,74,c_74,http://nlp_microbe.ccnu.edu.cn/entity/C10172,9.510397812406831e-27,neg
102,d_102,http://id.nlm.nih.gov/mesh/D011236,234,c_234,http://nlp_microbe.ccnu.edu.cn/entity/C10172,4.6694619398181115e-27,neg
102,d_102,http://id.nlm.nih.gov/mesh/D011236,372,c_372,http://nlp_microbe.ccnu.edu.cn/entity/C10172,4.6694619398181115e-27,neg
102,d_102,http://id.nlm.nih.gov/mesh/D011236,146,c_146,http://nlp_microbe.ccnu.edu.cn/entity/C10172,4.6694619398181115e-27,neg
102,d_102,http://id.nlm.nih.gov/mesh/D011236,181,c_181,http://nlp_microbe.ccnu.edu.cn/entity/C10172,4.6694619398181115e-27,neg
102,d_102,http://id.nlm.nih.gov/mesh/D011236,28,c_28,http://nlp_microbe.ccnu.edu.cn/entity/C10172,9.510397812406831e-27,neg
102,d_102,http://id.nlm.nih.gov/mesh/D011236,75,c_75,http://nlp_microbe.ccnu.edu.cn/entity/C10172,9.510397812406831e-27,neg
102,d_102,http://id.nlm.nih.gov/mesh/D011236,229,c_229,http://nlp_microbe.ccnu.edu.cn/entity/C10172,4.6694619398181115e-27,neg
102,d_102,http://id.nlm.nih.gov/mesh/D011236,103,c_103,http://nlp_microbe.ccnu.edu.cn/entity/C10172,9.510397812406831e-27,neg
102,d_102,http://id.nlm.nih.gov/mesh/D011236,289,c_289,http://nlp_microbe.ccnu.edu.cn/entity/C10172,9.510397812406831e-27,neg
102,d_102,http://id.nlm.nih.gov/mesh/D011236,75,c_75,http://nlp_microbe.ccnu.edu.cn/entity/C10172,9.510397812406831e-27,neg
102,d_102,http://id.nlm.nih.gov/mesh/D011236,507,c_507,http://nlp_microbe.ccnu.edu.cn/entity/C10172,9.510397812406831e-27,neg
102,d_102,http://id.nlm.nih.gov/mesh/D011236,412,c_412,http://nlp_microbe.ccnu.edu.cn/entity/C10172,9.510397812406831e-27,neg
102,d_102,http://id.nlm.nih.gov/mesh/D011236,151,c_151,http://nlp_microbe.ccnu.edu.cn/entity/C10172,9.510397812406831e-27,neg
102,d_102,http://id.nlm.nih.gov/mesh/D011236,330,c_330,http://nlp_microbe.ccnu.edu.cn/entity/C10172,9.510397812406831e-27,neg
102,d_102,http://id.nlm.nih.gov/mesh/D011236,22,c_22,http://nlp_microbe.ccnu.edu.cn/entity/C10172,9.510397812406831e-27,neg
102,d_102,http://id.nlm.nih.gov/mesh/D011236,263,c_263,http://nlp_microbe.ccnu.edu.cn/entity/C10172,4.6694619398181115e-27,neg
102,d_102,http://id.nlm.nih.gov/mesh/D011236,418,c_418,http://nlp_microbe.ccnu.edu.cn/entity/C10172,4.6694619398181115e-27,neg
102,d_102,http://id.nlm.nih.gov/mesh/D011236,306,c_306,http://nlp_microbe.ccnu.edu.cn/entity/C10172,9.510397812406831e-27,neg
102,d_102,http://id.nlm.nih.gov/mesh/D011236,250,c_250,http://nlp_microbe.ccnu.edu.cn/entity/C10172,4.6694619398181115e-27,neg
102,d_102,http://id.nlm.nih.gov/mesh/D011236,90,c_90,http://nlp_microbe.ccnu.edu.cn/entity/C10172,4.6694619398181115e-27,neg
102,d_102,http://id.nlm.nih.gov/mesh/D011236,466,c_466,http://nlp_microbe.ccnu.edu.cn/entity/C10172,9.510397812406831e-27,neg
102,d_102,http://id.nlm.nih.gov/mesh/D011236,207,c_207,http://nlp_microbe.ccnu.edu.cn/entity/C10172,9.510397812406831e-27,neg
102,d_102,http://id.nlm.nih.gov/mesh/D011236,394,c_394,http://nlp_microbe.ccnu.edu.cn/entity/C10172,9.510397812406831e-27,neg
102,d_102,http://id.nlm.nih.gov/mesh/D011236,13,c_13,http://nlp_microbe.ccnu.edu.cn/entity/C10172,9.510397812406831e-27,neg
102,d_102,http://id.nlm.nih.gov/mesh/D011236,197,c_197,http://nlp_microbe.ccnu.edu.cn/entity/C10172,4.6694619398181115e-27,neg
102,d_102,http://id.nlm.nih.gov/mesh/D011236,411,c_411,http://nlp_microbe.ccnu.edu.cn/entity/C10172,4.6694619398181115e-27,neg
102,d_102,http://id.nlm.nih.gov/mesh/D011236,168,c_168,http://nlp_microbe.ccnu.edu.cn/entity/C10172,9.510397812406831e-27,neg
102,d_102,http://id.nlm.nih.gov/mesh/D011236,227,c_227,http://nlp_microbe.ccnu.edu.cn/entity/C10172,4.6694619398181115e-27,neg
102,d_102,http://id.nlm.nih.gov/mesh/D011236,359,c_359,http://nlp_microbe.ccnu.edu.cn/entity/C10172,4.6694619398181115e-27,neg
102,d_102,http://id.nlm.nih.gov/mesh/D011236,212,c_212,http://nlp_microbe.ccnu.edu.cn/entity/C10172,4.6694619398181115e-27,neg
102,d_102,http://id.nlm.nih.gov/mesh/D011236,184,c_184,http://nlp_microbe.ccnu.edu.cn/entity/C10172,9.510397812406831e-27,neg
102,d_102,http://id.nlm.nih.gov/mesh/D011236,504,c_504,http://nlp_microbe.ccnu.edu.cn/entity/C10172,4.6694619398181115e-27,neg
102,d_102,http://id.nlm.nih.gov/mesh/D011236,341,c_341,http://nlp_microbe.ccnu.edu.cn/entity/C10172,9.510397812406831e-27,neg
102,d_102,http://id.nlm.nih.gov/mesh/D011236,419,c_419,http://nlp_microbe.ccnu.edu.cn/entity/C10172,4.6694619398181115e-27,neg
102,d_102,http://id.nlm.nih.gov/mesh/D011236,331,c_331,http://nlp_microbe.ccnu.edu.cn/entity/C10172,9.510397812406831e-27,neg
102,d_102,http://id.nlm.nih.gov/mesh/D011236,459,c_459,http://nlp_microbe.ccnu.edu.cn/entity/C10172,9.510397812406831e-27,neg
102,d_102,http://id.nlm.nih.gov/mesh/D011236,510,c_510,http://nlp_microbe.ccnu.edu.cn/entity/C10172,9.510397812406831e-27,neg
102,d_102,http://id.nlm.nih.gov/mesh/D011236,450,c_450,http://nlp_microbe.ccnu.edu.cn/entity/C10172,4.6694619398181115e-27,neg
102,d_102,http://id.nlm.nih.gov/mesh/D011236,11,c_11,http://nlp_microbe.ccnu.edu.cn/entity/C10172,4.6694619398181115e-27,neg
102,d_102,http://id.nlm.nih.gov/mesh/D011236,169,c_169,http://nlp_microbe.ccnu.edu.cn/entity/C10172,9.510397812406831e-27,neg
102,d_102,http://id.nlm.nih.gov/mesh/D011236,234,c_234,http://nlp_microbe.ccnu.edu.cn/entity/C10172,4.6694619398181115e-27,neg
102,d_102,http://id.nlm.nih.gov/mesh/D011236,37,c_37,http://nlp_microbe.ccnu.edu.cn/entity/C10172,9.510397812406831e-27,neg
102,d_102,http://id.nlm.nih.gov/mesh/D011236,8,c_8,http://nlp_microbe.ccnu.edu.cn/entity/C10172,9.510397812406831e-27,neg
102,d_102,http://id.nlm.nih.gov/mesh/D011236,89,c_89,http://nlp_microbe.ccnu.edu.cn/entity/C10172,4.6694619398181115e-27,neg
102,d_102,http://id.nlm.nih.gov/mesh/D011236,172,c_172,http://nlp_microbe.ccnu.edu.cn/entity/C10172,9.510397812406831e-27,neg
102,d_102,http://id.nlm.nih.gov/mesh/D011236,245,c_245,http://nlp_microbe.ccnu.edu.cn/entity/C10172,4.6694619398181115e-27,neg
102,d_102,http://id.nlm.nih.gov/mesh/D011236,487,c_487,http://nlp_microbe.ccnu.edu.cn/entity/C10172,4.6694619398181115e-27,neg
102,d_102,http://id.nlm.nih.gov/mesh/D011236,183,c_183,http://nlp_microbe.ccnu.edu.cn/entity/C10172,9.510397812406831e-27,neg
102,d_102,http://id.nlm.nih.gov/mesh/D011236,88,c_88,http://nlp_microbe.ccnu.edu.cn/entity/C10172,4.6694619398181115e-27,neg
102,d_102,http://id.nlm.nih.gov/mesh/D011236,271,c_271,http://nlp_microbe.ccnu.edu.cn/entity/C10172,4.6694619398181115e-27,neg
102,d_102,http://id.nlm.nih.gov/mesh/D011236,217,c_217,http://nlp_microbe.ccnu.edu.cn/entity/C10172,9.510397812406831e-27,neg
102,d_102,http://id.nlm.nih.gov/mesh/D011236,485,c_485,http://nlp_microbe.ccnu.edu.cn/entity/C10172,4.6694619398181115e-27,neg
102,d_102,http://id.nlm.nih.gov/mesh/D011236,246,c_246,http://nlp_microbe.ccnu.edu.cn/entity/C10172,9.510397812406831e-27,neg
102,d_102,http://id.nlm.nih.gov/mesh/D011236,427,c_427,http://nlp_microbe.ccnu.edu.cn/entity/C10172,4.6694619398181115e-27,neg
102,d_102,http://id.nlm.nih.gov/mesh/D011236,279,c_279,http://nlp_microbe.ccnu.edu.cn/entity/C10172,9.510397812406831e-27,neg
102,d_102,http://id.nlm.nih.gov/mesh/D011236,81,c_81,http://nlp_microbe.ccnu.edu.cn/entity/C10172,9.510397812406831e-27,neg
102,d_102,http://id.nlm.nih.gov/mesh/D011236,455,c_455,http://nlp_microbe.ccnu.edu.cn/entity/C10172,9.510397812406831e-27,neg
102,d_102,http://id.nlm.nih.gov/mesh/D011236,264,c_264,http://nlp_microbe.ccnu.edu.cn/entity/C10172,9.510397812406831e-27,neg
102,d_102,http://id.nlm.nih.gov/mesh/D011236,99,c_99,http://nlp_microbe.ccnu.edu.cn/entity/C10172,4.6694619398181115e-27,neg
102,d_102,http://id.nlm.nih.gov/mesh/D011236,145,c_145,http://nlp_microbe.ccnu.edu.cn/entity/C10172,4.6694619398181115e-27,neg
102,d_102,http://id.nlm.nih.gov/mesh/D011236,394,c_394,http://nlp_microbe.ccnu.edu.cn/entity/C10172,9.510397812406831e-27,neg
102,d_102,http://id.nlm.nih.gov/mesh/D011236,479,c_479,http://nlp_microbe.ccnu.edu.cn/entity/C10172,9.510397812406831e-27,neg
102,d_102,http://id.nlm.nih.gov/mesh/D011236,419,c_419,http://nlp_microbe.ccnu.edu.cn/entity/C10172,4.6694619398181115e-27,neg
102,d_102,http://id.nlm.nih.gov/mesh/D011236,431,c_431,http://nlp_microbe.ccnu.edu.cn/entity/C10172,9.510397812406831e-27,neg
102,d_102,http://id.nlm.nih.gov/mesh/D011236,263,c_263,http://nlp_microbe.ccnu.edu.cn/entity/C10172,4.6694619398181115e-27,neg
102,d_102,http://id.nlm.nih.gov/mesh/D011236,1,c_1,http://nlp_microbe.ccnu.edu.cn/entity/C10172,4.6694619398181115e-27,neg
102,d_102,http://id.nlm.nih.gov/mesh/D011236,84,c_84,http://nlp_microbe.ccnu.edu.cn/entity/C10172,9.510397812406831e-27,neg
102,d_102,http://id.nlm.nih.gov/mesh/D011236,261,c_261,http://nlp_microbe.ccnu.edu.cn/entity/C10172,9.510397812406831e-27,neg
102,d_102,http://id.nlm.nih.gov/mesh/D011236,121,c_121,http://nlp_microbe.ccnu.edu.cn/entity/C10172,4.6694619398181115e-27,neg
102,d_102,http://id.nlm.nih.gov/mesh/D011236,189,c_189,http://nlp_microbe.ccnu.edu.cn/entity/C10172,9.510397812406831e-27,neg
102,d_102,http://id.nlm.nih.gov/mesh/D011236,421,c_421,http://nlp_microbe.ccnu.edu.cn/entity/C10172,9.510397812406831e-27,neg
102,d_102,http://id.nlm.nih.gov/mesh/D011236,32,c_32,http://nlp_microbe.ccnu.edu.cn/entity/C10172,4.6694619398181115e-27,neg
102,d_102,http://id.nlm.nih.gov/mesh/D011236,101,c_101,http://nlp_microbe.ccnu.edu.cn/entity/C10172,9.510397812406831e-27,neg
102,d_102,http://id.nlm.nih.gov/mesh/D011236,108,c_108,http://nlp_microbe.ccnu.edu.cn/entity/C10172,9.510397812406831e-27,neg
102,d_102,http://id.nlm.nih.gov/mesh/D011236,130,c_130,http://nlp_microbe.ccnu.edu.cn/entity/C10172,4.6694619398181115e-27,neg
102,d_102,http://id.nlm.nih.gov/mesh/D011236,469,c_469,http://nlp_microbe.ccnu.edu.cn/entity/C10172,9.510397812406831e-27,neg
102,d_102,http://id.nlm.nih.gov/mesh/D011236,501,c_501,http://nlp_microbe.ccnu.edu.cn/entity/C10172,9.510397812406831e-27,neg
102,d_102,http://id.nlm.nih.gov/mesh/D011236,222,c_222,http://nlp_microbe.ccnu.edu.cn/entity/C10172,4.6694619398181115e-27,neg
102,d_102,http://id.nlm.nih.gov/mesh/D011236,8,c_8,http://nlp_microbe.ccnu.edu.cn/entity/C10172,9.510397812406831e-27,neg
102,d_102,http://id.nlm.nih.gov/mesh/D011236,172,c_172,http://nlp_microbe.ccnu.edu.cn/entity/C10172,9.510397812406831e-27,neg
102,d_102,http://id.nlm.nih.gov/mesh/D011236,464,c_464,http://nlp_microbe.ccnu.edu.cn/entity/C10172,4.6694619398181115e-27,neg
102,d_102,http://id.nlm.nih.gov/mesh/D011236,509,c_509,http://nlp_microbe.ccnu.edu.cn/entity/C10172,9.510397812406831e-27,neg
102,d_102,http://id.nlm.nih.gov/mesh/D011236,37,c_37,http://nlp_microbe.ccnu.edu.cn/entity/C10172,9.510397812406831e-27,neg
102,d_102,http://id.nlm.nih.gov/mesh/D011236,341,c_341,http://nlp_microbe.ccnu.edu.cn/entity/C10172,9.510397812406831e-27,neg
102,d_102,http://id.nlm.nih.gov/mesh/D011236,31,c_31,http://nlp_microbe.ccnu.edu.cn/entity/C10172,4.6694619398181115e-27,neg
102,d_102,http://id.nlm.nih.gov/mesh/D011236,489,c_489,http://nlp_microbe.ccnu.edu.cn/entity/C10172,4.6694619398181115e-27,neg
102,d_102,http://id.nlm.nih.gov/mesh/D011236,183,c_183,http://nlp_microbe.ccnu.edu.cn/entity/C10172,9.510397812406831e-27,neg
102,d_102,http://id.nlm.nih.gov/mesh/D011236,112,c_112,http://nlp_microbe.ccnu.edu.cn/entity/C10172,9.510397812406831e-27,neg
102,d_102,http://id.nlm.nih.gov/mesh/D011236,287,c_287,http://nlp_microbe.ccnu.edu.cn/entity/C10172,4.6694619398181115e-27,neg
102,d_102,http://id.nlm.nih.gov/mesh/D011236,181,c_181,http://nlp_microbe.ccnu.edu.cn/entity/C10172,4.6694619398181115e-27,neg
102,d_102,http://id.nlm.nih.gov/mesh/D011236,100,c_100,http://nlp_microbe.ccnu.edu.cn/entity/C10172,4.6694619398181115e-27,neg
102,d_102,http://id.nlm.nih.gov/mesh/D011236,183,c_183,http://nlp_microbe.ccnu.edu.cn/entity/C10172,9.510397812406831e-27,neg
102,d_102,http://id.nlm.nih.gov/mesh/D011236,13,c_13,http://nlp_microbe.ccnu.edu.cn/entity/C10172,9.510397812406831e-27,neg
102,d_102,http://id.nlm.nih.gov/mesh/D011236,176,c_176,http://nlp_microbe.ccnu.edu.cn/entity/C10172,4.6694619398181115e-27,neg
102,d_102,http://id.nlm.nih.gov/mesh/D011236,77,c_77,http://nlp_microbe.ccnu.edu.cn/entity/C10172,4.6694619398181115e-27,neg
102,d_102,http://id.nlm.nih.gov/mesh/D011236,397,c_397,http://nlp_microbe.ccnu.edu.cn/entity/C10172,9.510397812406831e-27,neg
102,d_102,http://id.nlm.nih.gov/mesh/D011236,235,c_235,http://nlp_microbe.ccnu.edu.cn/entity/C10172,4.6694619398181115e-27,neg
102,d_102,http://id.nlm.nih.gov/mesh/D011236,499,c_499,http://nlp_microbe.ccnu.edu.cn/entity/C10172,9.510397812406831e-27,neg
102,d_102,http://id.nlm.nih.gov/mesh/D011236,345,c_345,http://nlp_microbe.ccnu.edu.cn/entity/C10172,4.6694619398181115e-27,neg
102,d_102,http://id.nlm.nih.gov/mesh/D011236,249,c_249,http://nlp_microbe.ccnu.edu.cn/entity/C10172,9.510397812406831e-27,neg
102,d_102,http://id.nlm.nih.gov/mesh/D011236,253,c_253,http://nlp_microbe.ccnu.edu.cn/entity/C10172,4.6694619398181115e-27,neg
102,d_102,http://id.nlm.nih.gov/mesh/D011236,155,c_155,http://nlp_microbe.ccnu.edu.cn/entity/C10172,9.510397812406831e-27,neg
102,d_102,http://id.nlm.nih.gov/mesh/D011236,481,c_481,http://nlp_microbe.ccnu.edu.cn/entity/C10172,9.510397812406831e-27,neg
102,d_102,http://id.nlm.nih.gov/mesh/D011236,134,c_134,http://nlp_microbe.ccnu.edu.cn/entity/C10172,4.6694619398181115e-27,neg
102,d_102,http://id.nlm.nih.gov/mesh/D011236,375,c_375,http://nlp_microbe.ccnu.edu.cn/entity/C10172,4.6694619398181115e-27,neg
102,d_102,http://id.nlm.nih.gov/mesh/D011236,49,c_49,http://nlp_microbe.ccnu.edu.cn/entity/C10172,9.510397812406831e-27,neg
102,d_102,http://id.nlm.nih.gov/mesh/D011236,366,c_366,http://nlp_microbe.ccnu.edu.cn/entity/C10172,9.510397812406831e-27,neg
102,d_102,http://id.nlm.nih.gov/mesh/D011236,87,c_87,http://nlp_microbe.ccnu.edu.cn/entity/C10172,9.510397812406831e-27,neg
102,d_102,http://id.nlm.nih.gov/mesh/D011236,34,c_34,http://nlp_microbe.ccnu.edu.cn/entity/C10172,9.510397812406831e-27,neg
102,d_102,http://id.nlm.nih.gov/mesh/D011236,293,c_293,http://nlp_microbe.ccnu.edu.cn/entity/C10172,9.510397812406831e-27,neg
102,d_102,http://id.nlm.nih.gov/mesh/D011236,167,c_167,http://nlp_microbe.ccnu.edu.cn/entity/C10172,9.510397812406831e-27,neg
102,d_102,http://id.nlm.nih.gov/mesh/D011236,140,c_140,http://nlp_microbe.ccnu.edu.cn/entity/C10172,9.510397812406831e-27,neg
102,d_102,http://id.nlm.nih.gov/mesh/D011236,270,c_270,http://nlp_microbe.ccnu.edu.cn/entity/C10172,4.6694619398181115e-27,neg
102,d_102,http://id.nlm.nih.gov/mesh/D011236,449,c_449,http://nlp_microbe.ccnu.edu.cn/entity/C10172,4.6694619398181115e-27,neg
